filename,number,start.checkin,leave.table,start.voting,end.voting,get.in.line,leave.line,begin.scanning,end.scanning
dane wi (1),1,7:06:09,7:07:16,7:07:39,7:08:58,,,7:09:04,7:09:10
dane wi (1),1,16:01:20,16:02:09,16:02:17,16:05:59,16:06:05,16:06:07,16:06:07,16:06:15
dane wi (1),1,15:00:15,,15:02:21,15:05:58,15:06:35,15:06:44,15:06:49,15:07:01
dane wi (1),2,7:10:42,7:11:11,7:11:29,7:13:12,7:13:20,,7:13:20,7:13:22
dane wi (1),2,16:09:04,16:09:58,16:10:07,16:12:15,,,16:12:18,16:12:26
dane wi (1),2,15:13:16,15:14:00,15:14:22,15:16:57,,,15:17:04,15:17:41
dane wi (1),3,7:28:24,7:28:48,7:29:14,7:31:32,,,7:31:38,7:31:48
dane wi (1),3,16:13:20,16:13:49,16:13:56,16:15:54,16:15:57,16:16:06,16:16:07,16:16:16
dane wi (1),3,15:18:00,15:18:46,15:19:14,15:21:38,,,,
dane wi (1),4,7:33:39,7:34:30,7:34:45,7:38:17,,,7:38:20,7:38:31
dane wi (1),4,16:16:25,16:17:47,16:18:06,,,,,
dane wi (1),4,15:28:56,15:29:30,15:29:43,15:32:09,,,15:32:14,15:32:29
dane wi (1),5,7:54:30,7:55:35,7:55:42,7:59:15,,,7:59:30,7:59:36
dane wi (1),5,16:30:14,16:30:48,16:31:31,16:34:01,,,16:34:16,16:34:19
dane wi (1),5,15:32:50,15:34:04,15:34:26,15:35:09,15:38:13,15:38:24,15:38:24,15:38:36
dane wi (1),6,16:34:54,16:35:32,16:36:50,16:37:44,,,16:37:53,16:38:01
dane wi (1),6,15:40:37,15:41:31,15:41:51,15:44:51,,,15:45:01,15:45:13
dane wi (1),7,16:38:11,16:38:40,16:39:01,16:41:17,,,16:41:19,16:41:24
dane wi (1),7,15:45:37,15:46:16,15:46:35,15:53:17,,,15:53:30,15:53:37
dane wi (1),8,16:42:06,16:42:31,16:42:54,16:45:00,16:45:04,16:45:07,16:45:08,16:45:15
dane wi (1),8,6:06:56,6:07:28,6:07:50,6:11:04,6:11:14,6:11:20,6:11:26,6:11:30
dane wi (1),9,16:46:48,16:47:20,16:47:42,16:50:07,16:50:10,16:50:22,16:50:23,16:50:34
dane wi (1),9,6:11:49,6:12:31,6:13:06,6:47:48,,,6:47:55,6:48:00
dane wi (1),10,16:51:40,16:52:12,16:52:30,16:53:54,,,16:53:59,16:54:08
dane wi (2),1,12:06:17,12:07:13,12:07:31,12:10:39,12:10:48,12:10:51,12:11:07,12:11:11
dane wi (2),1,7:08:48,7:10:03,7:10:34,7:14:25,,,7:14:35,7:14:42
dane wi (2),1,6:06:40,6:07:42,6:08:11,6:10:50,,,6:11:00,6:11:10
dane wi (2),1,11:00:27,11:01:20,11:01:43,11:05:12,,,11:05:37,11:05:47
dane wi (2),2,12:13:08,12:14:10,12:14:31,12:17:50,12:17:58,12:18:06,12:18:09,12:18:16
dane wi (2),2,7:15:30,7:16:18,7:16:53,7:20:13,,,7:20:20,7:20:29
dane wi (2),2,,,6:21:09,6:24:38,,,6:24:49,6:24:56
dane wi (2),2,11:08:30,11:09:09,11:09:34,11:11:59,,,11:12:29,11:12:39
dane wi (2),3,12:19:13,12:20:01,12:20:14,12:23:01,12:23:08,12:23:17,12:23:20,12:23:30
dane wi (2),3,7:21:56,7:23:09,7:23:31,7:25:40,,,7:25:50,7:26:00
dane wi (2),3,6:25:35,6:27:23,6:27:47,6:32:04,,,6:32:10,6:32:19
dane wi (2),3,11:14:16,11:15:15,11:15:49,11:18:10,,,11:18:14,11:18:23
dane wi (2),4,12:24:28,12:25:26,12:27:04,12:31:29,12:31:36,12:31:38,12:31:39,12:31:45
dane wi (2),4,7:27:04,7:28:06,7:28:34,7:31:09,,,7:31:25,7:31:42
dane wi (2),4,6:33:39,6:34:14,6:34:52,6:37:06,,,,
dane wi (2),4,11:19:33,11:20:13,11:20:31,11:22:34,,,11:23:09,11:23:18
dane wi (2),5,7:32:47,7:34:52,7:35:44,7:37:26,,,7:37:36,7:37:45
dane wi (2),5,6:38:38,6:39:30,6:39:55,6:43:08,6:43:10,,6:43:25,6:43:36
dane wi (2),5,11:24:21,11:24:55,11:25:18,11:27:36,,,11:27:55,11:28:10
dane wi (2),6,12:35:04,12:36:02,12:36:14,12:39:11,,,12:39:25,13:39:35
dane wi (2),6,7:40:03,7:41:43,7:42:20,7:42:21,,,7:42:35,7:47:44
dane wi (2),6,18:44:36,18:45:46,18:46:14,,,18:50:48,18:50:49,18:50:55
dane wi (2),6,11:29:45,11:30:25,11:30:45,11:33:19,,,11:33:32,11:33:43
dane wi (2),7,12:41:03,12:42:09,12:42:28,12:45:25,,,12:45:35,12:45:40
dane wi (2),7,7:44:30,7:49:32,7:50:07,7:52:31,,,7:52:48,7:53:24
dane wi (2),7,,7:01:14,7:01:42,7:04:56,,,7:05:13,7:05:23
dane wi (2),7,11:36:07,11:36:51,11:37:00,11:41:27,11:42:06,11:42:34,11:42:41,11:42:51
dane wi (2),8,7:54:11,7:55:17,7:56:48,8:00:13,,,8:00:25,8:50:32
dane wi (2),8,11:43:55,11:44:44,11:45:06,11:47:31,,,11:47:40,11:47:45
dane wi (2),9,12:55:46,12:55:52,12:56:09,12:58:09,,,12:58:18,12:58:26
dane wi (2),9,11:48:50,11:50:44,11:51:16,11:56:08,,,11:56:16,11:56:24
dane wi (2),10,14:09:26,14:10:37,14:10:51,14:13:03,,,14:13:37,14:13:43
dane wi (2),10,11:58:39,11:59:27,11:59:50,12:01:31,,,12:01:42,12:01:52
dane wi (2),11,14:15:37,14:17:12,14:17:21,14:19:51,,,14:20:44,14:20:53
dane wi (2),11,13:00:57,13:01:12,13:02:34,13:06:11,,,13:06:22,13:06:28
dane wi (2),12,14:24:43,14:26:22,14:26:27,14:30:43,,,14:30:55,14:31:06
dane wi (2),12,13:07:08,13:08:08,13:08:30,13:11:31,,,13:11:43,13:11:54
dane wi (2),13,14:33:34,14:34:43,14:34:53,14:38:37,,,14:38:46,14:38:50
dane wi (2),13,13:12:40,13:13:22,13:15:55,13:17:09,,,13:17:27,13:17:35
dane wi (2),14,13:18:33,13:19:26,13:19:40,13:19:44,,,13:22:02,13:22:15
dane wi (2),15,14:45:20,14:47:08,14:47:17,14:49:59,,,14:50:06,14:50:14
dane wi (2),15,13:23:07,13:24:26,13:24:46,13:31:38,,,13:32:05,13:32:15
dane wi (2),16,14:51:56,14:53:29,14:53:39,14:56:12,14:56:19,14:56:24,14:56:27,14:56:32
dane wi (2),16,13:34:43,13:35:39,13:36:00,13:36:52,,,13:39:02,13:39:18
dane wi (2),17,14:57:19,14:59:04,14:59:10,15:00:59,15:01:07,15:01:15,15:01:21,15:01:32
dane wi (2),18,13:46:01,13:47:13,13:47:43,13:49:39,,,13:49:45,13:50:00
dane wi (2),19,13:51:14,13:52:26,13:52:45,13:54:05,,,13:54:17,13:54:24
dane wi (2),20,13:54:42,13:56:22,13:56:48,13:59:55,,,14:00:04,14:00:10
dane wi (3),1,12:52:58,12:53:10,12:53:18,12:56:02,,,12:56:08,12:56:20
dane wi (3),1,9:07:03,9:07:32,9:07:51,9:10:49,9:10:50,9:10:50,9:10:55,9:11:00
dane wi (3),2,12:56:34,12:57:11,12:57:13,13:00:16,,,13:00:22,13:00:31
dane wi (3),2,9:11:34,,,,,,,
dane wi (3),3,13:01:23,13:02:26,13:02:30,13:06:20,,,13:06:24,13:06:35
dane wi (3),3,9:12:14,9:13:59,9:14:03,9:14:04,9:14:12,9:17:12,9:17:17,9:17:17
dane wi (3),4,13:07:54,13:08:42,13:08:44,13:11:14,,,13:11:21,13:12:03
dane wi (3),4,9:17:32,9:18:45,9:18:52,9:21:48,9:21:52,9:21:52,9:21:55,9:21:57
dane wi (3),5,13:14:40,13:16:23,13:16:25,13:17:55,,,13:18:00,13:18:07
dane wi (3),5,9:23:37,9:24:24,9:24:28,9:27:15,9:27:20,9:27:20,9:27:30,9:27:35
dane wi (3),6,13:26:10,13:26:51,13:27:01,13:29:33,13:29:37,13:29:40,13:29:43,13:29:53
dane wi (3),6,9:28:12,9:28:55,9:29:00,9:31:22,9:31:26,9:31:26,9:31:30,9:31:36
dane wi (3),7,13:31:24,13:32:03,13:32:06,13:34:48,13:34:51,13:35:09,13:35:11,13:35:17
dane wi (3),7,9:31:59,9:32:05,9:32:11,9:34:22,9:34:25,9:34:25,9:34:30,9:34:35
dane wi (3),8,13:39:22,13:40:36,13:40:40,13:43:20,13:43:27,13:43:37,13:43:38,13:43:52
dane wi (3),8,9:34:52,,,,,,,
dane wi (3),9,13:45:47,13:46:33,13:46:38,13:49:03,13:49:07,13:49:26,13:49:30,13:49:52
dane wi (3),9,9:37:55,9:39:17,9:39:21,9:42:40,9:42:44,9:42:44,9:42:49,9:42:52
dane wi (3),10,13:50:17,13:51:19,13:51:29,13:53:00,,,13:53:09,13:53:15
dane wi (3),10,9:43:33,9:44:25,9:44:29,9:46:10,9:46:15,9:46:15,9:46:20,9:46:23
dane wi (3),11,13:54:06,13:54:46,13:54:50,13:58:17,,,13:58:21,13:58:25
dane wi (3),11,6:02:15,6:02:58,6:03:03,6:06:24,,,6:06:30,6:06:38
dane wi (3),11,9:47:02,9:47:56,9:48:01,9:49:09,9:49:15,9:49:23,9:49:25,9:49:32
dane wi (3),12,14:00:39,14:01:26,14:01:34,14:04:13,14:04:16,14:04:21,14:04:24,14:04:30
dane wi (3),12,6:07:01,6:07:42,6:07:49,6:10:39,,,6:11:06,6:11:11
dane wi (3),12,9:50:08,9:50:45,9:50:51,9:53:00,9:53:05,9:53:05,9:53:12,9:53:16
dane wi (3),13,14:05:36,14:06:22,14:06:24,14:09:18,14:09:23,14:09:32,14:09:34,14:09:40
dane wi (3),13,6:14:05,6:14:54,6:15:10,6:17:56,,,6:18:02,6:18:28
dane wi (3),13,9:54:44,9:55:28,9:55:31,9:58:13,9:58:16,9:58:16,9:58:20,9:58:26
dane wi (3),14,14:11:23,14:12:04,14:12:08,14:14:57,,,14:15:01,14:15:11
dane wi (3),14,6:21:20,6:21:54,6:22:06,6:24:26,,,6:24:30,6:24:38
dane wi (3),14,9:58:48,9:59:41,9:59:46,10:02:40,10:02:45,10:02:45,10:02:47,10:02:52
dane wi (3),15,14:16:00,14:17:20,14:17:24,14:21:50,14:21:55,14:22:00,14:22:04,22:22:12
dane wi (3),15,6:25:24,6:27:40,6:27:48,6:30:51,,,6:30:54,6:34:36
dane wi (3),15,10:04:19,10:05:13,10:05:17,10:08:27,,,10:08:32,10:08:38
dane wi (3),16,14:25:44,14:26:24,14:26:29,14:28:32,,,14:28:36,14:28:44
dane wi (3),16,6:36:04,6:39:04,6:39:08,6:39:45,,,6:39:52,6:39:57
dane wi (3),16,10:09:05,10:10:00,10:10:03,10:12:34,,,10:12:50,10:12:55
dane wi (3),17,14:30:12,14:31:08,14:31:13,14:35:24,,,14:35:27,14:35:36
dane wi (3),17,6:40:43,6:41:04,6:42:09,6:43:42,,,6:43:48,6:43:57
dane wi (3),17,10:13:47,10:14:31,10:14:35,10:15:50,10:15:55,10:16:23,10:16:25,10:16:30
dane wi (3),18,14:36:32,14:37:23,14:37:27,14:39:11,,,14:39:15,14:39:26
dane wi (3),18,6:45:15,6:46:23,6:46:26,6:52:32,,,6:52:45,6:52:56
dane wi (3),19,14:42:20,14:43:13,14:43:17,14:44:50,,,14:44:57,14:45:10
dane wi (3),19,10:17:40,10:18:28,10:18:32,10:20:34,,,10:20:37,10:20:42
dane wi (3),20,14:52:25,14:53:24,14:53:29,14:54:29,,,14:54:30,14:54:37
dane wi (3),20,10:24:15,10:25:03,10:25:08,10:26:23,10:26:26,10:27:01,10:27:07,10:27:12
dane wi (3),21,14:54:55,14:55:31,14:55:37,14:57:52,14:58:00,14:58:24,14:58:27,
dane wi (3),21,10:30:37,10:31:36,10:31:39,10:33:03,,,10:33:12,10:33:19
dane wi (3),22,10:33:32,10:34:23,10:34:34,10:37:01,,,10:37:10,10:37:22
dane wi (3),23,10:38:37,10:39:37,10:39:41,10:40:42,,,10:40:44,10:40:55
dane wi (3),24,10:42:48,10:43:05,10:43:07,10:45:17,10:45:23,10:45:28,10:45:30,10:45:33
dane wi (3),25,10:45:58,10:48:32,10:48:38,10:50:15,10:50:18,10:50:22,10:50:24,10:50:29
dane wi (3),26,10:50:41,10:51:35,10:51:39,10:56:19,,,10:56:36,10:56:42
dane wi (3),27,10:57:31,10:58:30,10:58:35,11:00:52,,,11:00:59,11:01:04
dane wi (3),36,7:09:09,7:10:36,7:10:38,7:11:35,,,7:11:44,7:11:47
dane wi (3),37,7:12:13,7:13:07,7:13:11,7:16:16,,,7:16:22,7:16:27
dane wi (3),38,7:21:16,7:22:47,7:22:51,7:24:43,,,7:24:48,7:24:53
dane wi (3),39,7:25:06,7:26:06,7:26:09,7:27:30,,,7:27:35,7:29:51
dane wi (3),40,7:36:40,7:39:45,7:39:50,7:39:52,,,7:39:57,7:40:01
dane wi (3),41,7:40:15,7:41:11,7:41:14,7:43:10,,,7:43:15,7:43:22
dane wi (3),42,7:43:30,7:44:48,7:44:55,7:46:24,7:46:30,7:46:35,7:46:37,7:46:41
dane wi (3),43,7:47:34,7:48:26,7:48:30,7:50:59,,,7:51:00,7:51:09
dane wi (4),1,7:03:12,7:03:30,7:03:32,7:08:39,7:08:49,7:08:54,7:08:55,7:08:58
dane wi (4),1,5:02:32,5:08:48,,,,,,
dane wi (4),2,7:09:30,7:09:59,7:10:50,,,,,
dane wi (4),2,5:05:36,5:06:24,5:06:51,5:10:24,,,5:10:37,5:10:45
dane wi (4),3,7:11:43,7:12:02,7:12:04,7:15:33,,,7:15:35,7:15:39
dane wi (4),3,5:11:00,5:12:00,5:12:14,5:14:38,,,5:15:01,5:15:08
dane wi (4),5,7:16:24,7:17:04,7:17:09,7:17:11,7:17:21,7:17:30,,
dane wi (4),5,5:17:17,5:18:17,5:18:45,5:20:50,,,5:26:47,5:27:06
dane wi (4),6,7:23:10,,,,,,,
dane wi (4),6,5:22:47,5:24:08,5:24:35,5:26:42,,,,
dane wi (4),7,7:25:54,7:26:54,7:27:01,7:28:49,,,7:29:12,7:29:22
dane wi (4),7,5:29:38,5:30:25,5:31:09,5:35:45,,,5:36:01,5:36:08
dane wi (4),8,7:29:58,7:30:30,7:30:38,7:33:10,,,7:33:18,7:33:26
dane wi (4),8,5:37:01,5:38:06,5:38:25,5:41:21,,,5:41:40,5:41:47
dane wi (4),9,7:34:19,7:35:09,7:35:30,7:40:14,,,7:41:33,7:41:45
dane wi (4),9,5:42:51,5:43:26,5:44:02,5:46:29,,,,
dane wi (4),10,7:42:09,7:42:46,7:42:59,7:45:40,7:45:45,7:45:52,7:45:52,7:46:02
dane wi (4),10,5:49:25,5:50:12,5:50:45,5:55:25,,,5:55:37,5:55:48
dane wi (4),11,7:47:23,7:48:19,7:48:35,7:52:14,7:52:17,7:52:46,7:52:46,7:53:00
dane wi (4),12,7:53:08,7:55:20,7:55:33,7:57:51,,,7:57:58,7:58:08
dane wi (4),13,7:58:26,7:59:21,7:59:39,8:01:28,8:01:35,8:02:00,8:02:05,8:02:11
dane wi (4),14,8:02:20,8:02:55,8:03:10,8:05:02,8:05:10,8:05:24,8:05:24,8:05:33
dane wi (4),15,8:06:05,8:06:43,8:07:01,8:09:48,,,8:09:55,8:10:10
dane wi (4),16,8:10:38,,,,,,,
dane wi (4),17,8:12:30,8:13:27,8:13:38,8:16:07,,,8:16:17,8:16:28
dane wi (4),18,8:16:56,,,,,,,
dane wi (4),19,8:19:30,8:20:22,8:20:38,8:22:32,,,8:22:47,8:22:59
dane wi (4),20,8:23:37,8:24:20,8:24:35,8:28:27,,,8:28:32,8:28:42
dane wi (4),21,8:24:18,8:30:08,8:30:23,8:31:52,8:32:02,8:32:08,8:32:08,8:32:16
dane wi (4),22,8:33:51,8:34:40,8:34:53,8:38:34,,,8:38:45,8:38:52
dane wi (4),23,8:39:51,8:41:02,8:41:14,8:42:30,,,8:42:38,8:42:46
dane wi (4),24,8:43:33,8:44:34,8:44:50,8:51:22,8:51:33,8:51:51,8:51:51,8:52:02
dane wi (4),25,8:53:54,8:54:33,8:54:40,8:57:58,,,8:58:08,8:58:17
dane wi (4),26,8:59:06,8:59:40,8:59:52,9:00:55,9:01:02,9:01:06,9:01:06,9:01:12
dane wi (4),27,9:02:30,9:03:21,9:03:34,9:06:22,,,9:06:30,9:06:41
dane wi (4),28,9:07:25,9:08:52,9:09:13,9:11:46,,,9:11:59,9:12:09
dane wi (4),29,9:13:00,9:13:53,9:14:06,  ,,,9:17:17,9:17:27
dane wi (4),30,9:18:24,9:19:05,9:19:20,9:21:55,,,9:22:04,9:22:13
dane wi (4),31,9:26:55,9:27:47,9:28:01,9:32:36,9:32:47,9:33:16,9:33:16,9:33:28
dane wi (4),32,9:33:53,9:34:48,9:35:02,9:39:30,9:39:34,9:39:44,9:39:44,9:39:52
dane wi (4),33,9:40:35,,,,,,,
dane wi (4),34,9:41:25,9:42:10,9:42:25,9:44:16,9:44:23,9:44:41,9:44:41,9:44:51
dane wi (4),35,9:51:06,9:51:39,9:51:54,9:56:27,9:56:39,9:57:11,9:57:11,9:57:20
dane wi (4),36,9:57:46,10:00:25,10:00:39,10:06:23,,,10:06:34,10:06:41
dane wi (4),37,10:07:34,10:08:27,10:08:43,10:12:00,10:12:11,10:12:15,10:12:17,10:12:24
dane wi (4),38,10:13:27,10:14:12,10:14:28,10:16:36,10:16:42,10:16:50,10:16:50,10:16:55
dane wi (4),39,10:20:18,10:21:08,10:21:26,10:24:18,,,10:24:45,10:25:07
dane wi (4),40,10:25:51,10:26:56,10:27:13,10:31:24,10:31:42,10:31:44,10:31:44,10:31:54
dane wi (4),41,10:32:23,10:33:48,10:34:15,10:37:28,10:37:46,10:37:59,10:37:59,10:38:09
dane wi (4),42,10:38:21,10:39:30,10:39:43,10:42:21,10:42:26,10:42:29,10:42:29,10:42:42
dane wi (4),43,10:43:05,10:44:53,10:45:26,10:47:25,,,10:47:30,10:47:36
dane wi (4),44,10:50:52,10:51:54,10:52:10,10:55:29,,,10:55:50,10:55:59
dane wi (4),45,10:56:25,10:57:20,10:57:44,11:00:04,11:00:10,11:00:40,11:00:40,11:00:52
dane wi (5),1,17:57:54,17:58:39,17:58:56,18:04:06,,,18:04:24,18:04:28
dane wi (5),1,19:00:25,19:01:22,19:01:49,19:03:32,19:03:39,19:03:40,19:03:40,19:03:52
dane wi (5),2,15:07:20,15:08:31,15:09:50,15:15:39,,,15:16:23,15:16:40
dane wi (5),2,18:04:44,18:05:44,18:06:02,18:08:02,,,18:08:16,18:08:19
dane wi (5),2,19:05:02,19:05:44,19:06:00,19:08:30,19:08:42,19:08:43,19:08:49,19:09:09
dane wi (5),3,18:09:53,18:10:31,18:11:04,18:13:29,,,18:13:42,18:13:57
dane wi (5),3,19:00:35,19:10:16,19:10:59,19:12:55,19:13:03,19:13:19,19:13:19,19:13:28
dane wi (5),4,15:17:38,15:18:17,15:18:40,15:22:30,,,15:22:44,15:22:53
dane wi (5),4,18:14:44,18:20:45,18:21:31,18:24:58,,,18:25:13,18:25:20
dane wi (5),4,19:14:53,19:15:14,19:15:37,19:17:25,19:17:33,19:17:33,19:17:33,19:17:47
dane wi (5),5,15:26:08,15:26:58,15:27:23,15:32:41,15:33:10,15:33:14,15:33:16,15:33:24
dane wi (5),5,18:25:45,18:26:14,18:26:34,18:28:34,,,18:28:47,18:28:58
dane wi (5),5,19:18:10,19:18:39,19:19:29,19:21:37,19:21:47,19:21:47,19:21:47,19:21:52
dane wi (5),6,15:33:49,15:34:20,15:34:36,15:37:07,15:37:17,15:37:24,15:37:26,15:37:34
dane wi (5),6,18:20:01,18:31:03,18:31:38,18:28:33,,,18:39:03,18:39:20
dane wi (5),6,19:23:43,19:24:31,19:24:56,19:27:17,19:27:28,19:27:28,19:27:28,19:27:39
dane wi (5),7,15:38:36,15:39:07,15:39:42,15:41:28,,,15:41:40,15:41:47
dane wi (5),7,18:41:22,18:41:56,18:42:24,18:51:35,,,18:51:50,18:52:01
dane wi (5),7,19:28:53,19:29:24,19:30:36,19:32:42,19:32:49,19:32:49,19:32:49,19:32:58
dane wi (5),8,15:41:55,15:42:24,15:42:50,15:45:14,,,15:45:22,15:45:29
dane wi (5),8,18:52:38,18:53:16,18:53:41,18:55:30,,,18:55:43,18:55:50
dane wi (5),8,19:33:26,19:34:12,19:36:17,19:37:52,19:38:03,19:38:09,19:38:09,19:38:12
dane wi (5),9,15:46:18,15:46:38,15:46:57,15:52:20,,,15:53:10,15:53:17
dane wi (5),9,19:12:09,19:13:30,19:13:54,19:15:36,,,19:15:45,19:16:01
dane wi (5),9,19:38:41,19:39:19,19:40:41,19:42:00,19:42:05,19:42:20,19:42:20,19:42:27
dane wi (5),10,15:53:47,15:54:30,15:54:59,15:58:10,,,15:58:24,15:58:30
dane wi (5),10,19:04:44,19:06:00,19:06:28,19:08:35,,,19:08:44,19:08:53
dane wi (5),10,19:43:22,19:43:54,19:44:15,19:46:19,19:46:26,19:46:33,19:46:33,19:46:40
dane wi (5),11,15:59:43,16:00:16,16:00:35,16:02:08,,,16:02:15,16:02:22
dane wi (5),11,19:17:57,19:19:25,19:19:55,19:24:58,,,19:25:12,19:25:26
dane wi (5),11,19:47:24,19:48:02,19:48:29,19:51:16,19:51:31,19:51:31,19:51:31,19:51:38
dane wi (5),12,16:02:48,16:03:25,16:03:36,16:04:55,16:05:00,16:05:04,16:05:07,16:05:12
dane wi (5),12,19:28:53,19:29:34,19:30:15,19:33:33,,,19:33:43,19:33:52
dane wi (5),12,19:52:02,19:52:40,19:53:43,19:56:13,19:56:21,19:56:59,19:56:59,19:59:10
dane wi (5),13,16:05:45,16:06:26,16:06:39,16:09:40,,,16:10:16,16:10:27
dane wi (5),13,19:37:17,19:38:14,19:38:37,19:41:25,,,19:41:38,19:41:46
dane wi (5),13,19:57:38,19:58:02,19:59:13,20:02:22,20:02:32,20:02:32,20:02:32,20:02:42
dane wi (5),14,16:10:51,16:11:35,16:11:46,16:14:55,16:15:00,16:15:15,16:15:17,16:15:25
dane wi (5),14,19:47:46,19:48:48,19:49:47,19:52:51,,,19:53:04,19:53:26
dane wi (5),14,20:02:57,20:03:25,20:03:42,20:05:59,20:06:10,20:06:17,20:06:17,20:06:24
dane wi (5),15,16:16:49,16:17:55,16:17:59,16:21:25,16:21:35,16:21:40,16:21:45,16:21:52
dane wi (5),15,20:06:46,20:07:15,20:09:20,20:12:28,20:12:49,20:12:49,20:12:49,20:12:56
dane wi (5),16,16:22:19,16:23:04,16:23:14,16:27:40,,,16:27:59,16:28:10
dane wi (5),16,20:13:35,20:14:15,20:14:58,20:17:35,20:17:50,20:17:50,20:17:50,20:18:02
dane wi (5),17,16:29:19,16:29:54,16:30:12,16:34:20,,,16:34:27,16:34:34
dane wi (5),17,20:18:29,20:19:10,20:19:25,20:22:50,20:23:02,20:23:06,20:23:06,20:23:10
dane wi (5),18,16:35:28,16:36:04,16:36:13,16:40:01,,,16:40:07,16:40:14
dane wi (5),18,20:24:05,20:24:49,20:25:06,20:26:10,20:26:22,20:26:22,20:26:22,20:26:32
dane wi (5),19,16:41:13,16:41:46,16:41:54,16:44:34,,,16:45:03,16:45:09
dane wi (5),19,20:26:55,20:27:45,20:27:59,20:29:24,20:29:31,20:29:31,20:29:31,20:29:40
dane wi (5),20,16:45:54,16:46:22,16:46:36,16:51:02,,,16:51:15,16:51:20
dane wi (5),21,16:52:34,16:53:10,16:53:21,16:55:32,16:55:40,16:55:44,16:55:48,16:55:52
dane wi (5),21,20:32:24,20:32:57,20:33:13,20:34:47,20:34:57,20:34:57,20:34:57,20:35:05
dane wi (5),22,16:56:10,16:56:50,16:57:07,16:59:19,16:59:26,16:59:36,16:59:39,16:59:48
dane wi (5),22,20:35:20,20:35:50,20:36:02,20:41:44,20:41:59,20:41:59,20:41:59,20:42:10
dane wi (5),24,20:53:22,20:53:58,20:54:10,20:56:22,20:56:40,20:56:40,20:56:40,20:56:44
dane wi (6),1,7:14:45,7:27:07,7:27:45,7:31:46,,,,
dane wi (6),1,8:03:04,8:03:53,8:04:34,8:07:07,8:07:09,8:07:09,8:07:09,8:07:30
dane wi (6),2,7:32:48,7:34:42,7:35:11,,7:40:06,,,
dane wi (6),2,8:07:46,8:08:29,8:09:06,8:13:15,8:13:22,8:13:22,8:13:22,8:13:30
dane wi (6),3,5:21:49,5:24:31,5:24:49,5:30:10,5:30:19,,5:33:40,5:33:43
dane wi (6),3,7:41:47,7:42:20,7:43:10,7:46:09,7:46:19,7:46:39,7:46:46,
dane wi (6),3,8:13:57,8:14:44,8:15:11,8:17:43,8:17:50,8:18:26,8:18:26,8:18:40
dane wi (6),4,5:35:30,5:36:34,,,5:37:40,,5:47:51,5:47:56
dane wi (6),4,7:40:09,7:47:41,7:48:15,7:50:09,7:50:15,7:50:23,7:50:27,7:50:32
dane wi (6),4,8:20:51,8:22:02,8:22:38,8:25:24,8:25:30,8:25:36,8:25:36,8:25:50
dane wi (6),5,5:43:31,5:44:37,5:45:02,5:46:45,5:46:50,,5:49:31,5:49:35
dane wi (6),5,7:50:56,7:51:40,7:52:12,7:53:45,7:53:54,7:54:01,7:54:06,7:54:15
dane wi (6),5,8:26:08,8:26:40,8:27:32,8:30:18,8:30:20,8:30:20,8:30:20,8:30:50
dane wi (6),6,5:50:47,5:51:53,5:52:14,5:53:56,5:53:56,,5:54:15,5:54:17
dane wi (6),6,7:55:20,7:56:06,7:56:08,7:59:04,,,7:59:07,7:59:30
dane wi (6),6,8:32:48,8:33:15,8:33:56,8:37:11,8:37:12,8:37:22,8:37:22,8:37:31
dane wi (6),7,5:55:46,5:56:43,5:57:08,6:00:10,6:00:10,,6:01:29,6:01:38
dane wi (6),7,7:59:49,8:00:16,8:00:31,8:02:48,,,8:02:52,8:03:04
dane wi (6),7,8:38:28,8:39:20,8:39:44,8:41:52,8:41:58,8:42:23,8:42:23,8:42:33
dane wi (6),8,8:42:46,8:43:20,8:44:50,8:46:18,8:46:25,8:46:25,8:46:25,8:46:33
dane wi (6),10,8:50:56,8:51:25,8:51:58,8:53:35,8:53:40,8:53:40,8:53:40,8:53:54
dane wi (7),1,11:06:39,11:07:23,11:07:39,11:08:59,11:09:01,11:09:07,11:09:20,11:09:25
dane wi (7),1,4:43:08,4:44:43,4:44:45,4:47:41,4:47:42,4:48:13,4:48:15,4:48:27
dane wi (7),1,8:03:33,8:04:09,8:04:30,8:07:13,,,8:07:22,8:07:28
dane wi (7),1,7:07:11,7:07:38,7:08:01,7:08:56,,,7:10:10,7:10:14
dane wi (7),2,11:11:13,11:11:48,11:12:17,11:15:50,11:15:58,11:16:04,11:16:10,11:16:16
dane wi (7),2,4:47:23,4:48:32,4:48:35,4:51:50,4:51:58,4:52:06,4:52:20,4:52:28
dane wi (7),2,8:09:49,8:10:17,8:10:35,8:13:19,,,8:13:28,8:13:38
dane wi (7),2,7:11:19,7:11:59,7:12:29,7:15:45,7:15:50,7:16:04,7:16:09,7:16:17
dane wi (7),3,8:14:45,8:15:43,8:16:04,8:18:22,,,8:18:28,8:18:40
dane wi (7),3,7:17:16,7:18:13,7:18:21,7:22:52,7:23:05,,7:23:10,7:23:14
dane wi (7),4,11:17:06,11:18:12,11:18:24,11:21:02,11:21:04,11:21:10,11:21:13,11:21:21
dane wi (7),4,4:53:51,4:54:57,4:55:05,4:57:40,,,4:57:47,4:57:53
dane wi (7),4,8:19:26,8:20:10,8:20:28,8:23:25,8:23:31,8:23:38,8:23:38,8:23:47
dane wi (7),4,7:24:04,7:25:15,7:25:25,7:27:15,,,7:27:24,7:27:35
dane wi (7),5,11:22:41,11:23:26,11:23:40,11:26:59,11:27:08,11:27:13,11:27:15,11:27:29
dane wi (7),5,8:24:23,,8:25:07,8:27:25,,,8:27:30,8:27:40
dane wi (7),5,7:28:23,7:29:09,7:29:41,7:34:10,7:34:11,7:36:26,7:36:26,7:36:35
dane wi (7),6,11:28:08,11:28:49,11:28:56,11:32:56,11:33:05,11:33:10,11:33:22,11:33:30
dane wi (7),6,4:59:47,5:03:12,5:03:20,5:06:14,,,5:06:26,5:06:34
dane wi (7),6,8:28:10,8:28:41,8:29:12,8:33:10,8:33:18,8:33:41,8:33:41,8:33:53
dane wi (7),6,7:37:55,7:38:42,7:39:09,,7:41:00,7:41:15,7:41:15,7:41:23
dane wi (7),7,11:33:39,11:34:28,11:34:45,11:38:39,,,11:38:48,11:38:57
dane wi (7),7,5:08:35,5:09:19,5:09:28,5:10:51,5:10:56,5:11:35,5:11:36,5:11:45
dane wi (7),7,8:35:14,8:36:14,8:36:51,8:37:45,8:37:52,8:38:38,8:38:38,8:38:47
dane wi (7),7,7:43:28,7:44:15,7:44:21,7:46:10,,,7:46:26,7:46:32
dane wi (7),8,11:41:50,11:42:22,11:42:34,11:44:40,11:44:43,11:44:46,11:45:01,11:45:06
dane wi (7),8,5:12:43,,,,,,,
dane wi (7),8,8:39:29,8:40:06,8:40:39,8:42:34,8:42:41,8:42:49,8:42:49,8:43:00
dane wi (7),8,7:47:28,7:47:59,7:48:13,7:50:10,,,,
dane wi (7),9,11:46:01,11:47:52,11:48:05,11:52:23,11:52:28,11:52:58,11:53:03,11:53:11
dane wi (7),9,5:16:28,,,,,,,
dane wi (7),9,8:44:15,8:45:00,8:45:14,8:47:24,8:47:34,8:47:42,8:47:42,8:47:55
dane wi (7),9,7:51:48,7:52:39,7:52:48,,7:53:01,,,
dane wi (7),10,11:54:52,11:55:46,,,,,,
dane wi (7),10,5:18:08,5:20:26,5:20:33,5:24:50,,,5:24:58,5:25:07
dane wi (7),10,8:49:47,8:50:18,8:50:51,8:53:35,8:53:42,8:54:26,8:54:26,8:54:34
dane wi (7),11,11:58:22,11:59:31,11:59:58,12:02:46,12:02:48,12:03:10,12:03:13,12:03:27
dane wi (7),11,5:27:35,5:28:24,5:28:35,5:30:38,5:30:39,5:31:38,5:31:39,5:31:46
dane wi (7),11,8:58:26,8:58:58,8:59:19,9:01:25,9:01:30,9:01:40,9:01:40,9:01:52
dane wi (7),11,7:59:13,7:59:59,8:00:29,8:02:15,8:02:23,8:02:32,8:02:32,8:02:40
dane wi (7),12,12:05:30,12:07:15,12:07:21,12:09:25,,,12:09:34,12:09:40
dane wi (7),12,5:32:00,5:33:16,5:33:25,5:35:11,5:35:12,5:35:31,5:35:31,5:35:40
dane wi (7),13,12:11:40,12:12:25,12:12:34,12:14:39,12:14:44,12:15:02,12:15:06,12:15:15
dane wi (7),13,5:36:13,5:37:39,5:37:47,5:41:11,5:41:19,5:41:28,5:41:28,5:41:39
dane wi (7),14,12:15:58,12:16:58,12:17:07,12:20:48,12:20:53,12:21:00,12:21:08,12:21:20
dane wi (7),14,5:42:35,5:43:30,5:43:39,5:46:13,5:46:18,5:47:14,5:47:17,5:47:25
dane wi (7),15,12:21:35,12:22:00,12:22:03,12:26:06,12:26:10,12:26:15,12:26:17,12:26:24
dane wi (7),15,5:48:34,5:50:13,5:50:21,5:51:51,5:51:58,5:52:09,5:52:11,5:52:22
dane wi (7),16,12:26:55,12:27:29,12:27:47,12:29:56,12:30:00,12:30:05,12:30:17,12:30:19
dane wi (7),16,5:53:18,5:54:15,5:54:26,5:56:38,5:56:42,5:57:38,5:57:40,5:57:48
dane wi (7),17,12:30:39,12:31:14,12:31:36,12:34:59,,,12:35:03,12:35:11
dane wi (7),17,5:58:21,5:59:22,5:59:29,6:02:05,,,6:02:11,6:02:23
dane wi (7),18,12:35:40,12:36:51,12:36:56,12:39:08,12:39:14,12:39:45,12:39:47,12:39:54
dane wi (7),19,12:40:04,12:40:58,12:41:12,12:44:35,12:44:45,12:45:00,12:45:04,12:45:12
dane wi (7),20,12:45:40,,,,,,,
dane wi (7),21,12:53:20,12:53:51,12:54:04,12:59:01,,,12:59:11,12:59:20
dane wi (8),1,7:08:18,7:08:42,7:09:20,7:11:34,,,7:12:12,7:12:14
dane wi (8),1,,,8:09:40,,8:12:55,,8:13:05,
dane wi (8),2,7:13:38,7:14:11,7:15:43,7:17:02,,,7:17:13,7:17:19
dane wi (8),2,13:01:55,13:03:45,13:04:00,13:06:25,,,,
dane wi (8),2,,,8:15:00,,8:17:44,,8:17:53,
dane wi (8),3,7:18:13,7:19:54,7:21:47,7:22:40,,,7:22:44,7:22:49
dane wi (8),3,,,8:21:58,,,,8:23:55,
dane wi (8),4,7:25:10,7:26:42,7:28:02,7:29:17,,,7:29:24,7:29:30
dane wi (8),4,13:15:07,13:16:20,13:16:40,13:21:31,,,13:21:37,13:21:49
dane wi (8),4,8:25:12,,8:26:06,,,,8:29:08,
dane wi (8),5,7:32:51,7:34:47,7:35:50,7:37:17,,,7:37:39,7:37:47
dane wi (8),5,8:30:12,,8:31:20,,,,8:34:06,
dane wi (8),6,13:24:05,13:25:04,13:25:15,13:27:41,13:27:45,13:28:08,13:28:08,13:28:46
dane wi (8),6,8:35:14,,8:36:07,,8:38:08,,8:38:20,
dane wi (8),7,13:31:01,13:32:17,13:32:26,13:36:26,,,13:36:30,13:36:42
dane wi (8),7,8:39:33,,8:40:58,,,,,
dane wi (8),8,7:59:49,8:00:39,8:01:02,8:03:21,,,8:03:37,8:03:44
dane wi (8),8,13:40:54,13:41:58,13:42:13,13:45:05,,,13:45:11,13:45:21
dane wi (8),8,8:42:25,,8:43:23,,,,8:46:12,
dane wi (8),9,13:45:45,13:46:57,13:47:07,13:50:50,13:51:33,13:51:49,13:51:50,13:51:59
dane wi (8),9,8:47:23,,8:48:38,,,,8:48:46,
dane wi (8),10,13:52:54,13:54:13,13:54:21,13:59:26,,,13:59:35,13:59:47
dane wi (8),10,8:52:17,,8:53:23,,8:56:13,,8:56:47,
dane wi (8),11,8:58:01,,8:59:43,,,,9:04:36,
dane wi (8),12,14:03:14,14:04:13,14:04:22,14:07:27,,,14:07:30,14:07:49
dane wi (8),13,14:11:15,14:11:58,14:12:15,14:16:28,14:16:33,14:16:43,14:16:44,14:17:01
dane wi (8),15,14:21:01,14:22:00,14:22:38,14:24:33,14:24:40,14:26:04,14:26:05,14:26:13
dane wi (8),16,14:26:27,14:27:26,14:27:37,14:30:21,14:30:27,14:30:35,14:30:38,14:30:50
dane wi (8),17,14:31:13,14:32:15,14:32:29,14:35:44,,,14:35:50,14:36:01
dane wi (8),18,14:37:44,14:38:46,14:39:11,14:40:56,,,14:40:58,14:41:09
dane wi (8),19,14:43:04,14:44:12,14:44:24,14:45:50,,,,
dane wi (8),20,14:46:25,14:47:36,14:48:17,14:49:33,,,14:49:36,14:49:50
dane wi (8),22,14:52:49,14:53:53,14:54:04,14:56:39,,,14:56:51,14:57:06
dane wi (8),23,14:59:45,15:00:02,15:00:15,15:02:18,,,15:02:21,15:02:42
dane wi (9),1,17:20:02,17:21:04,17:21:58,17:27:21,17:27:30,17:27:30,17:27:30,17:27:43
dane wi (9),2,19:13:13,19:14:46,19:15:31,19:17:17,,,19:17:21,19:17:30
dane wi (9),2,17:30:17,17:31:42,17:32:13,17:34:24,17:34:24,17:34:24,17:34:24,17:34:40
dane wi (9),3,19:18:09,19:20:18,19:21:14,19:22:34,,,19:22:40,19:22:47
dane wi (9),3,17:35:03,17:35:52,17:36:25,17:39:38,17:39:40,17:39:40,17:39:40,17:39:54
dane wi (9),4,19:25:43,19:27:42,19:28:40,19:30:00,,,19:30:05,19:30:17
dane wi (9),4,17:41:32,17:42:58,17:43:32,17:45:14,17:45:15,17:45:43,17:45:43,17:45:50
dane wi (9),5,19:38:55,19:40:09,19:40:54,19:43:24,,,19:43:33,19:43:44
dane wi (9),5,17:46:55,17:48:40,17:49:14,17:51:18,17:51:20,17:51:20,17:51:20,17:51:29
dane wi (9),6,19:49:35,19:51:23,19:52:14,19:53:48,,,19:53:53,19:54:03
dane wi (9),6,17:51:50,17:53:02,17:53:24,17:57:15,17:57:17,17:57:26,17:57:26,17:57:36
dane wi (9),7,19:54:38,19:55:52,19:56:33,19:59:15,,,19:59:24,19:59:41
dane wi (9),7,17:58:02,17:59:00,17:59:35,18:02:07,18:02:09,18:02:09,18:02:09,18:02:19
dane wi (9),8,18:02:40,18:06:51,18:07:42,18:11:55,18:11:59,18:12:03,18:12:10,18:12:20
dane wi (9),9,18:15:49,18:16:47,18:17:37,18:18:44,18:18:52,18:18:52,18:18:52,18:18:59
dane wi (9),10,18:19:30,18:20:37,18:21:14,18:23:04,18:23:04,18:23:04,18:23:04,18:23:16
dane wi (9),11,18:26:52,18:27:55,18:29:06,18:34:20,18:34:22,18:34:22,18:34:22,18:34:40
dane wi (9),12,18:43:58,18:45:03,18:45:41,18:48:26,18:48:28,18:48:28,18:48:28,18:48:38
dane wi (9),13,18:49:46,18:52:04,18:52:37,18:53:33,18:53:34,18:53:34,18:53:34,18:53:39
dane wi (9),14,18:54:57,18:56:08,18:56:51,19:00:04,19:00:05,19:00:05,19:00:05,19:00:20