filename,number,start.checkin,leave.table,start.voting,end.voting,get.in.line,leave.line,begin.scanning,end.scanning,,NOTE: numerous date errors where value excedes 24. 
madison id (1),1,,,13:06:55,13:10:24,13:10:26,,,13:11:09,,
madison id (1),1,13:52:05,13:53:25,,,,,,13:57:06,,
madison id (1),1,14:26:00,14:27:47,14:28:00,14:30:28,,,14:30:34,14:30:45,,
madison id (1),1,15:05:30,15:07:10,15:07:26,15:13:00,,,,15:13:16,,
madison id (1),1,,15:33:50,15:34:00,15:37:50,,,,,,
madison id (1),1,,16:01:15,16:01:20,,,,,,,
madison id (1),1,,,16:28:35,16:30:15,,,,16:30:30,,
madison id (1),1,,16:50:00,16:50:16,16:53:08,,,,,,
madison id (1),1,17:42:35,17:42:48,17:46:45,,,,17:46:55,,,
madison id (1),2,,13:07:00,13:07:22,,,,,13:11:02,,
madison id (1),2,13:53:37,13:57:40,13:57:45,14:00:08,,,,14:00:19,,
madison id (1),2,14:28:02,14:41:30,14:41:43,14:44:28,,,,14:44:38,,
madison id (1),2,15:09:25,,,,,,,,,
madison id (1),2,,15:35:06,,15:37:05,,,,15:37:15,,
madison id (1),2,,16:02:12,16:02:20,16:04:02,,,,16:04:14,,
madison id (1),2,,,16:24:40,16:26:08,,,,,,
madison id (1),2,,16:51:57,16:52:17,16:55:15,,,,,,
madison id (1),2,,17:42:40,17:42:52,17:47:05,,,,17:47:27,,
madison id (1),3,,,,13:10:30,13:10:35,,,13:11:12,,
madison id (1),3,13:53:37,13:57:40,13:57:43,13:59:42,,,,13:59:50,,
madison id (1),3,14:28:02,14:41:28,14:41:43,14:45:45,,,,14:45:55,,
madison id (1),3,15:09:25,15:11:00,15:11:10,15:14:55,,,,15:16:05,,
madison id (1),3,,15:34:45,,15:38:32,,,,15:38:44,,
madison id (1),3,,16:03:30,16:03:42,16:06:04,,,,16:06:24,,
madison id (1),3,,16:52:17,16:52:25,16:55:09,,,,,,
madison id (1),4,,13:09:20,13:09:25,13:14:04,,,,13:19:52,,
madison id (1),4,13:54:38,13:55:22,13:55:30,,,,,14:03:37,,
madison id (1),4,14:31:25,14:32:01,,14:34:41,,,,,,
madison id (1),4,,15:11:00,15:11:12,,,,,,,
madison id (1),4,,16:01:41,16:01:48,16:03:54,,,,16:04:02,,
madison id (1),4,,,16:27:22,16:31:19,,,,,,
madison id (1),4,16:50:00,16:52:44,16:52:48,16:56:19,,,,,,
madison id (1),4,17:43:04,17:44:28,,,,,,,,
madison id (1),5,,13:12:43,13:12:48,13:19:08,13:19:08,,,13:19:40,,
madison id (1),5,14:31:30,14:31:40,14:32:48,14:34:00,,,,14:34:15,,
madison id (1),5,,15:12:14,15:12:20,,,,,15:20:40,,
madison id (1),5,,,,16:05:25,,,,16:05:38,,
madison id (1),5,16:26:22,16:27:56,16:28:13,16:28:38,,,,,,
madison id (1),5,16:52:52,,,16:56:35,,,,,,
madison id (1),5,17:44:07,17:46:22,17:46:32,17:48:15,,,,17:48:25,,
madison id (1),6,,13:10:12,,,,,,13:14:18,,
madison id (1),6,14:32:10,14:34:45,14:34:55,14:38:00,,,,14:38:15,,
madison id (1),6,15:11:00,15:13:13,,,,,,15:16:40,,
madison id (1),6,,15:37:00,15:37:05,15:39:53,,,,,,
madison id (1),6,,16:02:36,,16:05:32,,,,16:05:44,,
madison id (1),6,16:26:32,,,16:30:01,,,,16:30:14,,
madison id (1),6,,16:53:02,16:53:08,16:56:20,,,,,,
madison id (1),6,17:44:17,17:46:26,17:46:34,17:48:19,,,,17:48:35,,
madison id (1),7,,13:13:33,13:13:42,13:20:29,,,,13:35:00,,
madison id (1),7,,13:56:42,13:56:48,,,,,13:59:34,,
madison id (1),7,,,15:12:31,15:15:05,15:15:10,15:16:07,15:16:10,15:16:20,,
madison id (1),7,,15:39:30,,15:40:51,,,,15:41:00,,
madison id (1),7,,,16:04:32,16:08:50,,,,16:08:58,,
madison id (1),7,16:53:33,16:53:58,,16:58:37,,,,,,
madison id (1),7,17:45:09,17:47:53,17:47:57,17:50:27,,,,17:50:38,,
madison id (1),8,,13:58:07,13:58:17,14:02:10,14:02:14,,,14:02:33,,
madison id (1),8,,14:36:25,14:36:35,14:38:24,,,,14:38:40,,
madison id (1),8,,,15:12:31,,,,,15:17:55,,
madison id (1),8,,,16:29:49,16:31:03,,,,,,
madison id (1),8,16:53:46,16:55:52,16:56:02,16:57:20,,,,,,
madison id (1),8,,17:49:50,17:49:58,17:52:04,,,,17:52:19,,
madison id (1),9,13:14:07,13:18:15,,13:20:51,,,,,,
madison id (1),9,,13:58:59,13:59:06,14:01:50,14:05:53,,,,,
madison id (1),9,,14:36:11,14:36:19,14:38:38,,,,14:38:55,,
madison id (1),9,15:12:50,15:17:31,15:17:40,15:20:40,,,15:20:50,15:20:59,,
madison id (1),9,16:04:43,16:06:09,,16:09:46,,,,16:10:00,,
madison id (1),9,,16:30:57,16:31:09,16:33:10,,,,,,
madison id (1),9,16:53:46,16:55:52,16:56:03,16:58:23,,,,,,
madison id (1),9,,17:54:01,,,,,,,,
madison id (1),10,13:15:17,13:16:28,13:16:33,13:19:15,13:19:16,,,13:19:50,,
madison id (1),10,13:57:45,13:58:45,13:59:00,14:02:25,,,,14:03:02,,
madison id (1),10,14:36:04,14:37:18,14:37:24,14:38:55,,,,14:39:10,,
madison id (1),10,15:12:55,,15:17:45,15:20:55,,,15:21:05,15:21:15,,
madison id (1),10,,,15:40:15,15:41:55,,,,15:42:09,,
madison id (1),10,16:04:50,16:07:06,16:07:26,16:08:51,,,,16:08:59,,
madison id (1),10,16:30:35,16:31:31,16:31:40,16:31:55,,,,,,
madison id (1),10,16:54:55,,16:56:43,17:01:44,,,,,,
madison id (1),10,,17:49:00,17:49:07,,,,,,,
madison id (1),11,,13:24:35,13:24:47,13:26:40,,,,13:26:52,,
madison id (1),11,13:45:00,13:59:21,13:59:30,14:02:40,,,,14:03:17,,
madison id (1),11,,16:07:20,,16:11:10,,,,16:11:20,,
madison id (1),11,16:31:30,16:32:30,16:32:41,16:34:27,,,,,,
madison id (1),11,16:54:55,16:56:49,,16:59:12,,,,,,
madison id (1),11,17:49:32,17:52:34,17:52:50,,,,,,,
madison id (1),12,13:23:14,,,,,,,,,
madison id (1),12,,14:01:07,,,,,,,,
madison id (1),12,14:39:30,14:40:06,14:40:15,14:43:20,,,,14:43:31,,
madison id (1),12,15:42:15,15:43:48,15:43:54,15:45:22,,,,15:45:32,,
madison id (1),12,,16:08:18,,16:13:35,,,,16:13:51,,
madison id (1),12,16:31:30,16:32:37,16:32:45,17:35:35,,,,,,
madison id (1),12,16:55:42,16:57:05,16:57:19,16:59:47,,,,,,
madison id (1),12,17:50:49,,,,,,,,,
madison id (1),13,,13:25:28,,13:28:05,,,,13:28:15,,
madison id (1),13,14:05:15,14:07:58,,,,,,,,
madison id (1),13,14:39:30,14:43:05,14:43:15,14:46:15,,,14:46:20,14:46:38,,
madison id (1),13,,15:19:45,15:19:55,15:21:50,,,15:21:55,15:21:59,,
madison id (1),13,15:43:32,15:43:48,15:43:56,15:46:05,,,,15:46:20,,
madison id (1),13,,,16:34:16,16:37:10,,,,,,
madison id (1),13,16:56:57,16:58:45,16:58:53,17:01:11,,,,,,
madison id (1),13,17:50:45,17:51:07,,17:52:58,,,,17:53:10,,
madison id (1),14,13:24:59,,,,,,,,,
madison id (1),14,14:01:20,,,,,,,14:05:00,,
madison id (1),14,,14:42:50,14:42:59,14:46:00,,,,14:46:13,,
madison id (1),14,15:43:40,15:44:56,15:45:05,15:47:20,,,,15:47:28,,
madison id (1),14,,16:09:55,,16:14:53,,,,16:15:05,,
madison id (1),14,16:35:46,,16:36:11,16:37:26,,,,,,
madison id (1),14,16:57:04,16:58:45,16:59:04,17:00:08,,,,,,
madison id (1),14,,,17:50:59,17:53:34,,,,17:53:50,,
madison id (1),15,13:28:35,13:31:09,13:31:15,13:32:10,,,13:33:36,13:33:49,,
madison id (1),15,,14:05:32,0.587939815,14:08:45,,,,14:09:37,,
madison id (1),15,14:44:51,14:48:57,14:49:05,,,,,14:52:34,,
madison id (1),15,15:21:30,15:21:35,15:22:40,15:24:16,,,,15:24:22,,
madison id (1),15,15:44:25,15:59:00,15:59:10,,,,,15:53:27,Unreadable,
madison id (1),15,16:07:25,16:08:27,16:08:37,16:10:25,,,,,,
madison id (1),15,16:34:55,,16:35:25,16:37:10,,,,,,
madison id (1),15,17:51:39,,,17:58:49,,,,,,
madison id (1),16,13:29:38,13:33:05,13:33:10,13:34:50,,,,13:35:00,,
madison id (1),16,,,14:06:32,14:08:45,,,,,,
madison id (1),16,14:42:50,14:43:52,,14:46:45,,,14:46:50,14:47:05,,
madison id (1),16,,15:23:42,15:24:00,15:28:05,,,,,,
madison id (1),16,,15:45:14,,15:47:30,,,,15:47:42,,
madison id (1),16,,16:09:55,,16:12:00,,,,16:12:13,,
madison id (1),16,16:34:39,,16:35:19,16:39:10,,,,,,
madison id (1),16,16:58:08,17:01:54,17:01:59,17:03:56,,,,,,
madison id (1),16,,17:55:11,17:55:27,17:58:38,,,,,,
madison id (1),17,13:31:30,,,,,,,,,
madison id (1),17,,14:07:01,,14:10:22,,,,14:10:32,,
madison id (1),17,14:44:01,14:44:46,,14:47:09,,,,14:47:28,,
madison id (1),17,,16:11:02,,,,,,16:13:28,,
madison id (1),17,16:36:06,16:36:18,16:37:00,16:41:06,,,,,,
madison id (1),17,16:58:16,17:01:54,17:01:59,17:03:59,,,,,,
madison id (1),17,17:55:20,,,17:58:55,,,,,,
madison id (1),18,13:31:45,13:32:45,13:32:52,13:34:40,,,,13:34:50,,
madison id (1),18,14:07:23,,14:08:55,14:10:40,,,,14:10:50,,
madison id (1),18,14:46:30,14:50:47,,14:53:41,,,,14:54:11,,
madison id (1),18,,15:24:00,15:24:05,,,,,,,
madison id (1),18,,16:11:30,16:11:50,16:14:20,,,,16:14:35,,
madison id (1),18,16:36:20,16:37:01,,,,,,,,
madison id (1),18,17:01:22,17:03:06,17:03:19,17:07:47,,,,,,
madison id (1),18,17:55:44,,,,,,,,,
madison id (1),19,13:32:16,13:33:55,13:34:10,13:36:10,,,13:36:26,13:36:41,,
madison id (1),19,14:07:23,14:09:13,,14:12:40,,,,14:12:50,,
madison id (1),19,,,14:49:28,14:51:20,,,,14:51:30,,
madison id (1),19,15:23:20,15:26:06,15:26:13,,,,,,,
madison id (1),19,,15:46:07,15:46:15,15:48:50,,,,,,
madison id (1),19,16:37:47,16:38:08,16:38:20,16:48:35,,,,,,
madison id (1),19,17:03:33,17:04:11,17:04:25,17:05:22,,,,,,
madison id (1),19,,,17:59:40,,,,,,,
madison id (1),20,,,13:35:12,13:36:45,,,,13:37:06,,
madison id (1),20,,14:09:25,14:09:34,,,,,,,
madison id (1),20,,14:51:25,14:51:32,14:54:40,,,,14:55:00,,
madison id (1),20,,15:24:30,15:24:55,15:30:44,,,,15:30:56,,
madison id (1),20,,,15:48:50,15:53:30,,,,15:53:42,,
madison id (1),20,16:11:43,16:12:28,16:12:35,16:14:34,,,,16:14:50,,
madison id (1),20,16:37:53,16:38:12,16:38:25,16:40:17,,,,,,
madison id (1),20,,17:04:59,,17:06:37,,,,,,
madison id (1),21,,,13:37:05,13:39:50,,,,13:40:05,,
madison id (1),21,,15:25:28,,15:28:26,,,,15:29:05,,
madison id (1),21,16:12:35,16:13:18,,16:17:01,,,,16:17:30,,
madison id (1),21,16:38:48,16:40:19,16:40:35,16:47:34,,,,,,
madison id (1),21,,,17:06:08,17:07:40,,,,,,
madison id (1),22,,,13:35:21,13:36:26,,,,13:36:54,,
madison id (1),22,,14:12:20,14:12:25,14:15:00,,,,,,
madison id (1),22,,14:51:45,14:51:55,14:54:40,,,,14:54:55,,
madison id (1),22,,15:26:54,15:27:02,15:35:45,,,,15:35:55,,
madison id (1),22,15:50:00,15:54:52,15:55:00,15:58:20,,,,15:58:33,,
madison id (1),22,16:13:05,,,16:17:18,,,,16:17:39,,
madison id (1),22,16:38:48,16:40:17,16:40:38,16:47:42,,,,,,
madison id (1),22,,17:03:35,17:03:46,,,,,,,
madison id (1),23,14:10:10,,14:14:30,14:16:33,,,,14:17:00,,
madison id (1),23,14:52:05,14:55:40,14:55:50,14:59:55,,,15:00:02,15:00:14,,
madison id (1),23,15:26:25,15:27:05,15:27:15,15:28:40,,,,15:29:15,,
madison id (1),23,15:50:00,,15:51:45,15:55:35,,,,15:55:57,,
madison id (1),23,,16:16:06,16:16:18,16:23:42,,,,16:23:55,,
madison id (1),23,,,17:04:54,,,,,,,
madison id (1),24,,,13:37:02,13:39:05,,,,13:39:24,,
madison id (1),24,14:13:03,14:13:13,14:13:20,14:16:00,14:16:05,,,14:16:20,,
madison id (1),24,,15:28:57,15:29:04,,,,,15:32:55,,
madison id (1),24,15:50:56,15:52:08,15:52:18,15:54:25,,,,15:54:38,,
madison id (1),24,,16:16:27,16:16:34,16:18:34,,,,16:18:44,,
madison id (1),24,16:40:20,16:41:18,16:41:30,,,,,,,
madison id (1),24,,17:05:50,17:06:04,,,,,,,
madison id (1),25,,,13:39:15,13:41:20,,,13:41:30,13:41:42,,
madison id (1),25,,,14:53:54,14:55:25,,,,14:55:40,,
madison id (1),25,15:26:15,15:27:30,15:27:35,15:31:11,,,,,,
madison id (1),25,15:51:40,15:52:30,15:52:41,15:56:35,,,,15:56:45,,
madison id (1),25,16:16:17,16:17:01,16:17:12,16:19:00,,,,16:19:12,,
madison id (1),25,16:40:20,16:41:23,16:41:35,,,,,,,
madison id (1),25,,17:05:38,17:05:44,17:08:22,,,,,,
madison id (1),26,,13:41:11,13:41:54,13:45:14,13:45:14,13:45:30,13:45:32,13:45:45,,
madison id (1),26,14:13:38,14:14:00,14:14:08,14:15:25,14:15:27,,,,,
madison id (1),26,14:54:00,14:54:23,,14:57:20,,,,14:57:35,,
madison id (1),26,15:58:40,,,,,,,15:57:18,unreadable,
madison id (1),26,,16:21:00,16:21:07,16:23:58,,,,,,
madison id (1),26,16:41:25,16:42:59,16:43:08,16:45:23,,,,,,
madison id (1),26,,,17:06:51,17:08:49,,,,,,
madison id (1),27,13:39:37,,,,,,,13:45:36,,
madison id (1),27,,14:15:48,14:15:57,14:18:24,,,14:18:29,14:18:40,,
madison id (1),27,14:54:40,,,14:56:16,,,,14:56:28,,
madison id (1),27,,15:29:30,,15:32:05,,,,15:32:20,,
madison id (1),27,15:52:50,,,,,,,15:57:10,,
madison id (1),27,16:18:24,16:19:20,16:21:28,16:22:30,,,,16:22:50,,
madison id (1),27,16:41:25,16:43:12,16:43:19,16:45:31,,,,,,
madison id (1),27,17:17:05,17:19:00,17:19:10,17:20:20,,,,,,
madison id (1),28,,,13:39:02,13:41:20,13:41:30,13:41:50,,13:41:54,,
madison id (1),28,14:15:05,14:16:45,14:16:55,14:21:30,,,,14:21:51,,
madison id (1),28,,15:01:25,15:01:30,15:03:30,,,,15:03:40,,
madison id (1),28,,,15:54:52,15:56:42,,,,,,
madison id (1),28,,16:19:34,16:19:39,16:22:48,,,,16:23:04,,
madison id (1),28,16:43:15,16:44:15,16:44:22,,,,,,,
madison id (1),28,17:07:05,17:12:04,,17:13:44,,,,,,
madison id (1),29,,13:42:28,13:42:00,13:46:30,,,,13:47:12,no data entered for seconds. presumed to be > 28,
madison id (1),29,14:15:05,14:17:05,14:17:15,14:19:21,,,14:19:24,14:19:45,,
madison id (1),29,14:56:51,14:58:10,14:58:20,15:01:38,,,,15:01:49,,
madison id (1),29,,15:31:04,,15:33:15,,,,15:33:26,,
madison id (1),29,15:55:15,15:56:42,,15:59:45,,,,15:59:55,,
madison id (1),29,,16:20:23,16:20:50,16:24:04,,,,16:24:50,,
madison id (1),29,,,17:07:17,17:11:05,,,,,,
madison id (1),30,13:42:43,13:43:04,13:43:14,13:45:52,13:45:52,13:46:21,13:46:21,13:46:28,,
madison id (1),30,,14:18:50,14:19:00,14:20:32,14:20:34,14:20:45,14:20:49,14:20:55,,
madison id (1),30,,15:31:44,15:31:54,15:34:20,,,,15:34:29,,
madison id (1),30,15:55:00,,,15:59:45,,,,,,
madison id (1),30,16:45:26,16:46:47,16:46:52,16:49:14,,,,,,
madison id (1),30,,17:15:17,17:15:29,17:20:04,,,,,,
madison id (1),31,13:43:14,13:43:41,13:43:49,13:46:50,,,,13:47:02,,
madison id (1),31,,14:20:06,14:20:10,14:21:50,,,14:22:02,14:22:09,,
madison id (1),31,15:00:30,,,15:04:36,,,,15:04:49,,
madison id (1),31,15:29:48,,,15:37:50,,,,15:38:02,,
madison id (1),31,15:55:22,,15:57:45,15:59:02,,,,15:59:18,,
madison id (1),31,,,16:21:34,16:24:18,,,,16:24:59,,
madison id (1),31,16:45:26,16:46:25,16:46:37,16:51:16,,,,,,
madison id (1),31,,17:15:39,17:15:49,,,,,,,
madison id (1),32,13:43:14,13:44:16,13:44:20,13:48:00,,,,13:48:08,,
madison id (1),32,,14:23:51,14:24:00,14:27:00,,,14:27:05,14:27:15,,
madison id (1),32,15:02:05,15:02:50,15:02:55,15:06:30,,,,15:06:53,,
madison id (1),32,15:56:17,15:59:02,15:59:00,16:03:14,,,,16:03:27,"No data entered for colmn seconds, presumed to be >3",
madison id (1),32,,,16:21:34,16:24:16,,,,,,
madison id (1),32,16:45:26,,16:46:42,16:49:29,,,,,,
madison id (1),32,,,17:08:45,17:11:47,,,,,,
madison id (1),33,13:43:34,13:47:49,13:48:00,13:55:43,,,13:55:52,,,
madison id (1),33,,14:23:51,14:24:05,14:28:20,,,,14:28:38,,
madison id (1),33,15:02:00,15:07:15,15:09:46,15:14:20,,,,15:14:30,,
madison id (1),33,15:57:25,15:58:03,16:00:16,16:01:51,,,,16:01:56,,
madison id (1),33,16:21:34,16:22:22,16:22:33,16:25:10,,,,,,
madison id (1),33,17:08:11,17:10:08,17:10:14,17:11:58,,,,,,
madison id (1),34,13:44:52,,,13:50:58,,,13:51:06,13:51:16,,
madison id (1),34,14:25:36,14:31:06,14:31:16,14:33:50,,,,14:34:00,,
madison id (1),34,,,16:00:41,16:03:01,,,,16:03:11,,
madison id (1),34,16:21:34,16:22:22,,16:25:25,,,,,,
madison id (1),34,,,16:47:57,16:49:07,,,,,,
madison id (1),34,,,17:14:20,17:19:32,,,,,,
madison id (1),35,13:50:42,13:52:05,13:52:12,13:55:03,,,,13:56:00,,
madison id (1),35,14:25:47,14:34:10,14:34:20,14:37:38,,,14:37:45,14:37:55,,
madison id (1),35,15:04:15,15:08:20,15:08:30,,,,,,,
madison id (1),35,,15:30:00,15:33:09,15:34:50,,,,,,
madison id (1),35,,,16:23:15,16:25:30,,,,16:25:44,,
madison id (1),35,17:12:16,17:13:30,17:13:39,17:20:25,,,,,,
madison id (10),1,9:05:12,9:07:48,9:08:02,9:12:40,,,9:12:59,9:13:10,,
madison id (10),1,14:03:45,14:05:15,14:05:27,14:09:11,,,14:09:28,14:09:40,,
madison id (10),2,9:15:22,9:17:31,9:17:42,9:25:09,,,9:25:19,9:25:30,,
madison id (10),2,14:11:14,14:12:49,14:12:59,14:16:02,,,14:16:28,14:16:29,,
madison id (10),3,9:26:56,9:29:25,9:29:38,9:34:27,,,9:34:38,9:34:51,,
madison id (10),3,14:17:04,14:19:18,14:19:30,14:24:01,,,14:24:14,14:24:30,,
madison id (10),4,9:35:28,9:37:42,9:37:55,9:40:18,,,9:40:27,9:40:36,,
madison id (10),4,14:29:38,14:31:22,14:31:44,14:35:19,,,14:35:49,14:35:58,,
madison id (10),5,9:41:35,9:42:58,9:43:05,9:46:39,,,9:46:49,9:46:59,,
madison id (10),5,14:37:12,14:39:23,14:39:32,14:43:13,,,14:43:26,14:43:38,,
madison id (10),6,9:47:29,9:48:38,9:48:47,9:53:11,9:53:13,9:53:27,9:53:45,9:53:54,,
madison id (10),6,14:44:10,14:46:26,14:46:32,14:50:07,,,14:50:17,14:50:28,,
madison id (10),7,9:54:27,9:55:20,9:55:34,10:02:29,,,10:02:39,10:02:49,,
madison id (10),7,14:52:29,14:54:14,14:54:28,14:59:48,,,14:59:55,15:00:09,,
madison id (10),8,10:04:03,10:04:55,10:05:13,10:06:50,,,10:07:01,10:07:14,,
madison id (10),8,15:03:17,15:05:42,15:05:56,15:10:24,,,15:10:34,15:10:44,,
madison id (10),9,10:07:39,10:10:43,10:10:50,10:14:36,,,10:14:52,10:15:04,,
madison id (10),9,15:14:44,15:17:07,15:17:16,15:21:38,,,15:21:47,15:21:58,,
madison id (10),10,10:15:23,10:19:01,10:19:05,10:21:37,,,10:21:49,10:21:55,,
madison id (10),10,15:25:25,15:27:13,15:27:21,15:36:08,,,15:36:18,15:36:26,,
madison id (10),11,10:22:34,10:24:05,10:24:13,10:29:30,,,10:29:40,10:29:49,,
madison id (10),11,15:40:12,15:43:01,15:43:13,15:46:51,,,15:47:01,15:47:10,,
madison id (10),12,10:30:40,10:31:20,10:31:26,10:34:25,,,10:34:31,10:34:41,,
madison id (10),12,15:53:24,15:55:42,15:55:52,16:00:36,,,16:00:48,16:00:57,,
madison id (10),13,10:35:30,10:36:10,10:36:18,10:38:30,,,10:38:45,10:38:56,,
madison id (10),13,16:03:51,16:05:48,16:05:59,16:09:21,,,16:09:32,16:09:43,,
madison id (10),14,10:43:06,10:45:01,10:45:10,10:47:08,,,10:47:14,10:47:35,,
madison id (10),15,10:48:29,10:49:07,10:49:15,10:52:14,,,10:52:25,10:52:33,,
madison id (10),16,10:56:23,10:57:58,10:58:04,11:02:22,,,11:02:38,11:02:49,,
madison id (10),17,11:07:56,11:08:56,11:09:10,11:11:30,,,11:11:40,11:11:45,,
madison id (10),18,11:14:49,11:15:29,11:15:37,11:17:10,,,11:17:30,11:17:35,,
madison id (10),19,11:17:40,11:19:10,11:19:18,11:26:17,,,11:26:29,11:26:45,,
madison id (10),20,11:29:50,11:31:26,11:31:36,11:33:50,,,11:33:55,11:34:10,,
madison id (10),21,11:36:28,11:37:15,11:37:21,11:40:30,,,11:40:41,11:40:48,,
madison id (10),22,11:41:18,11:42:50,11:43:00,11:45:03,,,11:45:15,11:45:24,,
madison id (10),23,11:45:30,11:48:39,11:48:45,11:50:40,,,11:50:49,11:50:55,,
madison id (10),24,11:50:59,11:57:30,11:57:40,12:00:30,,,12:00:45,12:00:56,,
madison id (10),25,12:04:10,12:05:29,12:05:40,12:08:57,,,12:09:04,12:09:13,,
madison id (10),26,12:09:40,12:11:10,12:11:15,12:14:16,,,12:14:21,12:14:29,,
madison id (10),27,12:17:01,12:17:43,,12:21:15,,,12:21:40,12:21:49,,
madison id (10),28,12:26:13,12:27:34,12:27:44,12:30:46,,,12:30:56,12:31:13,,
madison id (10),29,12:34:59,12:36:48,12:37:00,12:40:05,,,12:40:12,12:40:18,,
madison id (10),30,12:40:25,12:41:53,12:41:59,12:43:12,,,12:43:25,12:43:49,,
madison id (10),31,12:44:30,12:45:47,12:45:56,12:47:37,,,12:47:42,12:47:50,,
madison id (10),32,12:53:14,12:54:48,12:55:02,13:01:38,,,13:02:00,13:02:11,,
madison id (10),33,13:15:36,13:17:23,13:17:48,13:23:59,,,13:24:12,13:24:41,,
madison id (10),34,13:40:46,13:42:33,13:42:50,13:50:34,,,13:50:44,13:51:02,,
madison id (10),35,13:59:23,14:01:09,14:01:19,14:03:04,,,14:03:15,14:03:26,,
madison id (11),1,8:04:50,8:05:11,8:05:19,8:06:43,,,8:06:53,8:07:01,,
madison id (11),1,14:12:02,14:13:45,14:13:54,14:17:23,,,14:17:28,14:17:43,,
madison id (11),1,8:04:50,8:05:11,8:05:19,8:06:43,,,8:06:53,8:07:01,,
madison id (11),1,6:11:39,6:13:17,6:13:23,6:15:20,6:15:29,6:15:46,6:15:46,6:15:57,,
madison id (11),2,8:07:17,8:07:49,8:08:00,8:11:01,,,8:11:09,8:11:13,,
madison id (11),2,14:20:28,14:21:27,14:21:39,14:25:13,,,14:25:25,14:25:59,,
madison id (11),2,8:07:17,8:07:49,8:08:00,8:11:01,,,8:11:09,8:11:13,,
madison id (11),2,6:17:27,6:19:20,6:19:28,6:20:39,,,6:20:49,6:20:55,,
madison id (11),3,8:11:48,8:13:06,8:13:13,8:16:55,,,8:16:59,8:17:07,,
madison id (11),3,14:26:01,14:27:55,14:30:04,14:32:13,,,14:32:23,14:32:45,,
madison id (11),3,8:11:48,8:13:06,8:13:13,8:16:55,,,8:16:59,8:17:07,,
madison id (11),3,6:23:20,6:24:15,6:24:23,6:26:39,,,6:26:49,6:27:03,,
madison id (11),4,8:17:37,8:18:34,8:18:42,8:21:36,,,8:21:42,8:21:50,,
madison id (11),4,8:17:37,8:18:34,8:18:42,8:21:36,,,8:21:42,8:21:50,,
madison id (11),4,6:27:19,6:29:41,6:29:53,6:34:12,,,6:34:17,6:34:24,,
madison id (11),5,8:23:50,8:26:01,8:26:16,8:32:15,,,8:32:26,8:32:34,,
madison id (11),5,14:40:15,14:41:08,14:41:20,14:43:10,,,14:43:20,14:43:31,,
madison id (11),5,8:23:50,8:26:01,8:26:12,8:32:15,,,8:32:26,8:32:34,,
madison id (11),5,6:35:05,6:35:50,6:36:00,6:38:25,6:38:30,6:38:37,6:38:37,6:38:55,,
madison id (11),6,8:35:08,8:36:20,8:36:32,8:41:36,,,8:41:47,8:41:55,,
madison id (11),6,14:46:02,14:47:04,14:47:13,14:49:15,,,14:49:23,14:49:35,,
madison id (11),6,8:35:08,8:36:20,8:36:32,8:41:36,,,8:41:47,8:41:55,,
madison id (11),6,6:39:59,6:45:50,6:45:58,6:49:26,,,6:49:33,6:49:43,,
madison id (11),7,8:46:30,8:47:13,8:47:19,8:52:29,8:52:42,8:52:59,8:53:00,8:53:11,,
madison id (11),7,14:50:03,14:51:14,14:51:27,14:53:07,14:53:21,14:53:50,14:53:50,14:53:56,,
madison id (11),7,8:46:30,8:47:13,8:47:19,8:52:29,8:52:42,8:52:59,8:53:00,8:53:11,,
madison id (11),7,6:52:20,6:59:37,6:59:57,7:16:28,7:16:39,7:16:48,7:16:48,7:16:55,,
madison id (11),8,8:57:14,8:58:21,8:58:32,9:00:00,,,9:00:07,9:00:12,,
madison id (11),8,8:57:14,8:58:21,8:58:32,9:00:00,,,9:00:07,9:00:12,,
madison id (11),8,7:17:13,7:19:31,7:19:36,7:22:22,7:22:28,7:22:54,7:22:54,7:23:00,,
madison id (11),9,9:03:56,9:04:38,9:04:43,9:07:00,,,9:07:07,9:07:12,,
madison id (11),9,15:03:54,15:05:59,15:06:05,15:09:56,,,15:09:57,15:10:10,,
madison id (11),9,9:03:56,9:04:38,9:04:43,9:07:00,,,9:07:07,9:07:12,,
madison id (11),9,7:24:59,7:32:15,7:32:24,7:35:54,,,7:36:06,7:41:09,,
madison id (11),10,9:12:37,9:13:36,9:13:48,9:15:27,,,9:15:36,9:15:45,,
madison id (11),10,15:11:37,15:12:23,15:12:45,15:19:04,,,15:19:14,15:19:35,,
madison id (11),10,9:12:37,9:13:36,9:13:48,9:15:27,,,9:15:36,9:15:45,,
madison id (11),11,9:19:48,9:21:10,9:21:19,9:23:29,9:23:39,9:23:49,9:23:51,9:24:04,,
madison id (11),11,15:19:57,15:21:17,15:21:35,15:24:57,,,15:24:58,15:25:08,,
madison id (11),11,9:19:48,9:21:10,9:21:19,9:23:29,9:23:39,9:23:49,9:23:51,9:24:04,,
madison id (11),12,9:33:20,9:34:53,9:35:10,9:40:25,,,9:40:32,9:40:42,,
madison id (11),12,15:26:26,15:33:59,15:34:16,15:39:55,,,15:40:03,15:40:18,,
madison id (11),12,9:33:20,9:34:53,9:35:10,9:40:25,,,9:40:32,9:40:42,data looks good?,
madison id (11),13,9:48:03,9:49:16,9:49:26,9:51:36,,,9:52:42,9:52:04,consistent with pdf,
madison id (11),13,15:41:29,15:43:37,15:43:57,15:47:35,,,15:47:50,15:48:02,,
madison id (11),13,9:48:03,9:49:16,9:49:26,9:51:36,,,9:52:42,9:52:54,,
madison id (11),14,9:59:55,10:00:49,10:01:04,10:04:23,10:04:43,10:04:51,10:04:54,10:05:03,,
madison id (11),14,15:49:05,15:56:45,15:57:05,16:00:30,,,16:00:43,16:00:50,,
madison id (11),14,9:59:55,10:00:49,10:01:04,10:04:23,10:04:43,10:04:51,10:04:54,10:05:03,,
madison id (11),15,10:40:35,10:41:29,10:41:40,10:47:05,,,10:47:11,10:47:25,,
madison id (11),15,16:00:59,16:03:40,16:03:48,16:07:14,16:07:17,16:07:29,16:07:29,16:07:31,,
madison id (11),15,10:40:35,10:41:29,10:41:40,10:47:05,,,10:47:11,10:47:25,,
madison id (11),16,11:20:42,11:21:23,11:21:33,11:22:30,,,11:22:37,11:22:41,,
madison id (11),16,11:20:42,11:21:23,11:21:33,11:22:30,,,11:22:37,11:22:41,,
madison id (11),17,11:24:35,11:25:32,11:25:42,11:30:44,,,11:30:52,11:31:05,,
madison id (11),17,16:08:00,16:09:59,16:10:05,16:13:19,,,16:13:25,16:13:34,,
madison id (11),17,11:24:35,11:25:32,11:25:42,11:30:44,,,11:30:52,11:31:05,,
madison id (11),18,11:38:49,11:39:41,11:39:54,11:41:46,,,11:42:14,11:42:19,,
madison id (11),18,16:14:24,16:19:54,16:20:05,16:21:33,,,16:21:40,16:21:46,,
madison id (11),18,11:38:49,11:39:41,11:39:54,11:41:46,,,11:42:14,11:42:19,,
madison id (11),19,11:51:12,11:52:13,11:52:26,11:54:14,,,11:54:20,11:54:29,,
madison id (11),19,16:22:41,16:25:01,16:25:19,16:27:07,,,16:27:08,16:27:17,,
madison id (11),19,11:51:12,11:52:13,11:52:26,11:54:14,,,11:54:20,11:54:29,,
madison id (11),20,12:01:47,12:03:06,12:03:24,12:07:17,,,12:07:36,12:07:49,,
madison id (11),20,16:28:43,16:32:15,16:32:21,16:33:38,16:33:41,16:33:46,16:33:50,16:34:02,,
madison id (11),20,12:01:47,12:03:06,12:03:24,12:07:17,,,12:07:36,12:07:49,,
madison id (11),21,12:17:26,12:18:27,12:18:36,12:20:04,12:20:12,12:20:21,12:20:23,12:20:39,,
madison id (11),21,16:34:14,16:35:25,16:35:32,16:37:08,16:37:11,16:37:28,16:37:29,16:37:39,,
madison id (11),21,12:17:26,12:18:27,12:18:36,12:20:04,12:20:12,12:20:21,12:20:23,12:20:39,,
madison id (11),22,12:26:27,12:26:31,12:26:42,12:28:35,,,12:28:41,12:28:49,,
madison id (11),22,16:38:50,16:39:41,16:39:43,16:45:29,,,16:45:32,16:45:42,,
madison id (11),22,12:25:27,12:26:31,12:26:42,12:28:35,,,12:28:41,12:28:49,,
madison id (11),23,12:47:45,12:48:35,12:48:46,12:51:02,,,12:51:09,12:51:18,,
madison id (11),23,16:46:34,16:47:46,16:47:56,16:51:15,,,16:51:20,16:51:33,,
madison id (11),23,12:47:45,12:48:35,12:48:46,12:51:02,,,12:51:07,12:51:18,,
madison id (11),24,12:55:00,12:56:33,12:56:52,13:00:37,,,13:00:48,13:01:05,,
madison id (11),24,12:55:00,12:56:33,12:56:52,13:00:37,,,13:00:48,13:01:05,,
madison id (11),25,13:02:05,13:02:50,13:02:57,13:06:00,,,13:06:07,13:06:16,,
madison id (11),25,16:58:44,16:59:43,16:59:50,17:01:42,,,17:01:44,17:01:56,,
madison id (11),26,17:02:30,17:03:49,17:04:04,17:08:05,,,17:08:10,17:08:36,,
madison id (11),27,13:06:50,13:10:37,13:10:44,13:15:24,13:15:33,13:15:45,13:15:53,13:16:15,,
madison id (11),27,17:12:25,17:13:38,17:13:45,17:17:59,,,17:18:00,17:18:11,,
madison id (11),28,13:17:39,13:23:09,13:23:21,13:26:07,,,13:26:14,13:26:22,,
madison id (11),28,17:19:43,17:25:41,17:25:53,17:28:07,17:28:08,17:28:26,17:28:27,17:28:37,,
madison id (11),29,13:26:58,13:27:54,13:28:04,13:30:34,,,13:30:48,13:30:54,,
madison id (11),29,17:28:56,17:29:33,17:29:44,17:32:40,,,17:32:45,17:32:51,,
madison id (11),30,13:31:09,13:36:10,13:36:18,13:37:40,,,13:38:00,13:38:09,,
madison id (11),30,17:33:35,17:34:23,17:34:34,17:37:06,,,17:37:10,17:37:19,,
madison id (11),31,13:38:40,13:41:49,13:41:59,13:44:15,,,13:44:23,13:44:32,,
madison id (11),32,13:47:06,13:48:07,13:48:16,13:50:31,,,13:50:37,13:50:47,,
madison id (11),32,17:39:18,,,17:43:28,17:43:29,17:43:49,17:43:50,17:49:00,,
madison id (11),33,13:50:55,13:51:36,13:51:42,13:52:56,13:53:00,13:53:02,,13:53:04,,
madison id (11),33,17:48:57,17:51:32,17:51:46,17:54:06,,,17:54:07,17:54:20,,
madison id (11),34,14:00:20,14:02:14,14:02:33,14:05:25,,,14:05:40,14:05:50,,
madison id (11),34,17:56:07,17:56:56,17:56:58,17:59:56,,,17:59:59,18:00:00,,
madison id (11),35,14:07:28,14:08:28,14:08:36,14:10:35,,,14:10:43,14:10:54,,
madison id (11),35,6:02:33,6:06:58,6:07:05,6:10:38,,,6:10:45,6:10:59,,
madison id (13),1,16:07:01,16:08:01,16:09:01,16:13:48,,,16:13:50,16:14:30,,
madison id (13),1,19:02:00,19:02:50,19:03:01,19:05:20,,,19:08:01,19:08:50,,
madison id (13),2,16:15:02,16:16:15,16:17:02,16:20:02,,,16:23:15,16:24:50,,
madison id (13),2,19:10:15,19:11:15,19:12:02,19:16:03,,,19:16:30,19:17:45,,
madison id (13),3,13:04:15,13:07:07,13:08:15,13:10:15,,,13:10:15,13:11:36,,
madison id (13),3,16:27:15,16:28:33,16:29:34,16:33:01,,,16:33:02,16:33:50,,
madison id (13),3,19:18:12,19:19:20,19:20:00,19:25:16,,,19:25:30,19:26:10,,
madison id (13),4,13:12:55,13:13:22,13:13:50,,,,13:16:20,13:17:42,,
madison id (13),4,16:30:15,16:32:50,16:33:51,16:35:59,16:36:00,16:37:02,16:37:03,16:37:59,,
madison id (13),4,19:29:15,19:30:20,19:31:00,19:38:10,,,19:38:05,19:39:00,consistent with pdf,
madison id (13),5,13:22:33,13:24:33,13:24:50,13:30:02,,,13:30:15,13:31:50,,
madison id (13),5,16:41:17,16:42:10,16:42:15,16:45:16,,,16:46:17,16:47:30,,
madison id (13),5,19:39:16,19:40:15,19:41:10,19:44:15,,,19:45:10,19:46:10,,
madison id (13),6,13:29:22,13:31:02,13:31:10,13:36:02,,,13:38:30,13:39:50,,
madison id (13),6,16:48:15,16:49:18,16:50:01,16:54:16,,,16:55:02,16:56:04,,
madison id (13),7,13:30:20,13:32:15,13:32:30,13:37:50,13:38:00,13:38:15,13:38:50,13:40:08,,
madison id (13),7,16:58:02,16:59:15,17:00:15,17:05:17,,,17:05:23,17:05:54,,
madison id (13),8,13:39:15,13:42:15,13:42:30,,,,13:43:40,13:44:15,,
madison id (13),8,17:10:15,17:12:15,17:13:05,17:16:25,,,17:17:24,17:18:00,,
madison id (13),9,13:45:00,13:47:57,13:47:57,13:52:30,,,13:53:20,13:54:02,,
madison id (13),9,17:19:10,17:20:00,,,,,,,,
madison id (13),10,13:55:02,13:56:50,13:57:09,14:01:30,,,14:02:09,14:04:15,,
madison id (13),10,17:24:15,17:25:08,17:25:58,17:29:57,,,17:30:00,17:31:03,,
madison id (13),11,14:06:20,14:06:50,14:07:05,14:09:57,,,14:10:20,14:10:50,,
madison id (13),11,17:34:15,17:37:16,17:39:02,17:44:03,17:45:01,17:47:02,17:47:03,17:47:52,,
madison id (13),12,14:18:45,,,,,,,,,
madison id (13),12,17:48:17,17:49:18,17:50:00,17:54:16,,,17:55:16,17:56:48,,
madison id (13),13,14:20:01,,,,,,,,,
madison id (13),13,17:59:18,18:00:17,18:05:17,18:08:18,,,18:09:33,18:10:23,,
madison id (13),14,14:22:02,14:22:50,14:23:15,14:31:20,,,14:31:30,14:32:00,,
madison id (13),14,18:15:22,18:16:15,18:17:02,18:22:03,,,18:23:02,18:24:02,,
madison id (13),15,14:33:07,14:34:20,14:34:25,14:39:18,,,14:39:30,14:40:02,,
madison id (13),15,18:26:15,18:28:16,18:30:15,18:34:16,,,18:36:12,18:38:15,,
madison id (13),16,14:37:20,14:37:55,14:38:36,14:44:20,,,14:44:31,14:44:40,,
madison id (13),16,18:47:18,18:49:18,18:50:17,18:54:18,,,18:55:16,18:56:40,,
madison id (13),17,14:45:17,14:47:58,14:48:17,14:49:11,,,14:50:01,14:50:20,,
madison id (13),17,18:57:18,18:58:01,18:58:02,19:02:15,,,19:03:15,19:03:57,,
madison id (13),18,14:55:10,14:56:04,14:56:08,14:59:10,,,15:00:15,15:00:30,,
madison id (13),19,14:57:15,14:57:40,14:58:09,14:58:30,14:59:01,14:59:56,15:01:51,15:02:11,,
madison id (13),20,15:03:20,15:04:15,15:04:20,15:07:23,,,15:07:23,15:08:15,,
madison id (13),21,15:07:15,15:08:10,15:08:15,15:12:10,,,15:12:15,15:12:50,,
madison id (13),22,15:13:20,15:14:34,15:14:40,15:18:12,,,15:18:30,15:19:10,,
madison id (13),23,15:20:15,15:21:20,15:21:30,15:22:15,,,15:23:01,15:23:55,,
madison id (13),24,15:25:16,15:27:42,15:27:32,15:31:33,15:32:01,15:33:15,15:33:20,15:33:30,consistent with pdf,
madison id (13),25,15:38:05,15:38:30,15:39:01,15:40:20,,15:42:10,15:43:15,15:44:15,,
madison id (13),26,15:42:50,15:46:15,15:46:20,15:49:10,15:50:01,15:51:50,15:52:00,15:52:45,,
madison id (13),27,15:53:20,15:54:50,15:55:10,15:57:15,,,15:57:20,15:58:51,,
madison id (13),28,15:59:10,16:00:06,16:01:20,16:04:15,,,16:04:16,16:05:24,,
madison id (4),1,12:33:07,12:33:55,12:34:01,12:36:15,12:36:15,12:36:16,12:36:17,12:36:31,,
madison id (4),1,16:28:29,16:29:43,16:29:51,16:35:21,16:35:31,16:35:38,16:35:42,16:35:45,,
madison id (4),1,9:02:25,9:03:00,9:03:05,9:09:30,9:09:40,9:09:50,9:09:55,9:10:00,,
madison id (4),1,7:00:40,7:01:47,7:01:57,7:05:22,7:05:30,7:05:30,7:05:37,7:05:48,,
madison id (4),2,12:40:16,12:40:43,12:40:51,12:43:47,12:43:48,12:43:49,12:43:53,12:44:01,,
madison id (4),2,16:36:10,16:36:38,16:36:40,16:39:46,16:39:52,16:40:10,16:40:15,16:40:17,,
madison id (4),2,9:06:35,9:08:20,9:08:25,9:15:25,9:15:30,9:09:35,9:09:35,9:09:40,consistent with pdf,
madison id (4),2,7:06:05,7:06:47,7:06:56,7:10:34,7:10:39,7:10:39,7:10:42,7:10:56,,
madison id (4),3,12:47:06,12:47:53,12:48:01,12:50:55,12:50:57,12:50:58,12:50:59,12:51:11,,
madison id (4),3,16:42:46,16:42:59,16:43:11,16:45:17,16:45:21,16:45:27,16:45:30,16:45:36,,
madison id (4),3,9:16:55,9:17:38,9:17:49,9:22:07,9:22:11,9:22:11,9:22:15,9:22:24,,
madison id (4),3,7:11:17,7:11:51,7:11:59,7:13:50,7:14:51,7:14:51,7:14:53,7:14:05,consistent with pdf,
madison id (4),4,12:52:20,12:52:52,12:52:58,12:57:16,12:57:21,12:57:23,12:57:26,12:57:40,,
madison id (4),4,16:46:28,16:47:05,16:47:12,16:48:45,16:48:51,16:48:56,16:49:02,16:49:07,,
madison id (4),4,9:23:00,9:23:38,9:23:45,9:26:55,9:26:57,9:26:58,9:27:00,9:27:20,,
madison id (4),4,7:16:50,7:17:50,7:17:58,7:21:23,7:21:29,7:21:30,7:21:36,7:21:42,,
madison id (4),5,12:59:20,12:59:50,12:59:59,13:03:35,13:03:35,13:03:36,13:03:37,13:03:51,,
madison id (4),5,16:50:00,16:50:46,16:50:49,16:55:58,16:56:00,16:56:10,16:56:12,16:56:17,,
madison id (4),5,9:28:57,9:33:30,9:33:40,9:37:44,9:37:49,9:38:02,9:38:06,9:38:15,,
madison id (4),5,7:22:40,7:23:56,7:24:03,7:26:45,7:26:52,7:27:04,7:27:08,7:27:15,,
madison id (4),6,13:08:54,13:09:52,13:10:02,13:10:53,13:10:59,13:11:10,13:11:11,13:11:15,,
madison id (4),6,9:39:17,9:40:20,9:40:27,9:41:52,9:42:01,9:42:28,9:42:30,9:42:36,,
madison id (4),6,7:30:51,7:32:16,7:32:21,7:37:13,7:37:18,7:37:22,7:37:29,7:37:33,,
madison id (4),7,13:13:14,13:13:35,13:13:44,13:16:52,13:16:58,13:17:12,13:17:24,13:17:35,,
madison id (4),7,9:45:15,9:45:45,9:45:54,9:48:59,9:48:59,9:49:00,9:49:01,9:49:15,,
madison id (4),7,7:37:01,7:39:11,7:39:13,7:41:29,7:41:35,7:31:38,7:31:42,7:41:45,consistent with pdf,
madison id (4),8,13:20:24,13:20:54,13:21:01,13:22:09,13:22:11,13:22:16,13:22:20,13:22:51,,
madison id (4),8,9:50:00,9:50:28,9:50:40,9:53:08,9:53:10,9:53:11,9:53:12,9:53:40,,
madison id (4),8,7:42:50,7:44:28,7:44:28,7:48:05,7:48:13,7:48:16,7:48:25,7:48:35,,
madison id (4),9,13:25:50,13:26:40,13:26:48,13:30:00,13:30:01,13:30:01,13:30:02,13:30:16,,
madison id (4),9,9:55:09,9:56:03,9:56:16,9:59:34,9:59:40,9:59:41,9:59:48,10:00:12,,
madison id (4),9,7:52:30,7:53:40,7:53:46,7:56:25,7:56:31,7:56:36,7:56:43,7:56:47,,
madison id (4),10,13:33:54,13:34:26,13:34:35,13:37:00,13:37:01,13:37:01,13:37:02,13:37:15,,
madison id (4),10,10:01:50,10:02:32,10:02:38,10:05:56,10:05:59,10:06:01,10:06:03,10:06:20,,
madison id (4),11,13:39:02,13:39:46,13:39:46,13:42:12,13:42:20,13:42:20,13:42:25,13:42:50,,
madison id (4),11,10:07:07,10:07:42,10:07:47,10:08:40,10:08:42,10:08:42,10:08:43,10:08:50,,
madison id (5),1,8:00:00,8:05:01,8:06:00,8:09:37,8:09:38,8:09:58,8:10:00,8:10:35,,
madison id (5),2,8:12:01,8:21:17,8:21:34,8:25:20,8:25:41,8:25:55,8:25:55,8:26:00,,
madison id (5),3,8:27:35,8:39:17,8:39:31,8:43:43,8:43:50,8:43:55,8:44:01,8:44:10,,
madison id (5),4,8:47:32,8:54:42,8:54:55,8:57:00,8:57:15,8:57:25,8:57:37,8:57:49,,
madison id (5),5,8:59:55,9:04:40,9:04:56,9:06:01,9:06:09,9:06:15,9:06:20,9:06:25,,
madison id (5),6,9:23:02,9:33:00,9:33:15,9:35:24,9:35:30,9:35:41,9:35:55,9:36:02,,
madison id (5),7,9:41:00,9:44:25,9:44:35,9:47:13,9:47:20,9:47:25,9:47:27,9:47:28,,
madison id (5),8,9:49:21,9:53:55,9:54:01,9:57:24,9:57:39,9:57:53,9:58:01,9:58:09,,
madison id (5),9,10:00:31,10:00:59,10:01:15,10:05:31,10:05:37,10:05:51,10:05:59,10:06:00,,
madison id (5),10,10:08:02,10:10:02,10:10:35,10:12:12,10:12:30,10:12:41,10:12:51,10:12:59,,
madison id (5),11,10:18:12,10:21:26,10:21:35,10:23:29,10:23:35,10:23:55,10:24:10,10:24:19,,
madison id (5),12,10:31:15,10:33:16,10:33:31,10:36:14,10:36:20,10:36:49,10:37:01,10:37:10,,
madison id (5),13,10:46:04,10:51:10,10:51:20,10:55:10,10:55:22,10:55:37,10:55:45,10:55:57,,
madison id (5),14,11:07:50,11:08:27,11:08:30,11:11:00,11:11:00,11:11:06,11:11:10,11:11:46,,
madison id (5),15,11:14:00,11:14:30,11:15:00,1:17:50,11:17:50,11:17:50,11:17:56,11:18:20,,
madison id (5),16,11:27:00,11:33:16,11:33:40,11:40:56,11:40:58,11:41:12,11:41:12,11:41:36,,
madison id (5),17,11:42:00,11:45:25,11:46:00,11:50:10,11:50:10,11:50:21,11:50:22,11:50:36,,
madison id (5),18,11:51:00,11:58:15,11:58:36,12:01:00,12:01:00,12:01:15,12:01:15,12:01:20,,
madison id (5),19,12:01:30,12:09:00,12:09:27,12:13:45,12:13:45,12:13:59,12:14:00,12:14:08,,
madison id (5),20,12:17:03,12:19:02,12:19:02,12:21:30,12:21:30,12:21:40,12:21:40,12:21:45,,
madison id (5),21,12:27:20,12:28:30,12:28:30,12:35:30,12:35:30,12:35:30,12:35:30,12:35:55,,
madison id (6),1,8:01:12,8:01:20,8:01:27,8:02:52,8:02:55,8:02:55,,8:03:00,,
madison id (6),1,17:04:17,17:05:08,17:05:17,17:08:08,17:08:11,17:08:16,17:08:20,17:08:25,,
madison id (6),1,6:10:07,6:12:27,6:12:37,6:15:32,6:15:40,6:15:50,6:16:00,6:16:04,,
madison id (6),1,7:41:50,7:42:57,7:44:10,7:45:40,7:45:42,7:45:48,7:45:55,7:46:00,,
madison id (6),2,8:03:20,8:03:50,8:03:55,8:05:48,8:05:50,8:05:50,8:05:50,8:05:55,,
madison id (6),2,17:04:52,17:06:52,17:07:16,17:08:40,17:08:43,17:08:50,17:09:01,17:09:03,,
madison id (6),2,6:10:32,6:13:02,6:13:09,6:14:13,6:14:17,6:14:22,6:14:27,6:14:32,,
madison id (6),2,7:54:32,7:56:24,7:56:48,7:59:00,7:59:04,7:59:08,7:59:10,7:59:12,,
madison id (6),3,8:00:00,8:00:24,8:00:35,8:03:30,8:03:31,8:03:32,8:03:35,8:03:45,,
madison id (6),3,,15:01:44,15:01:56,15:04:25,15:04:29,15:04:29,15:04:30,15:04:31,,
madison id (6),3,17:05:49,17:11:26,17:11:36,17:13:01,17:13:07,17:13:20,17:13:21,17:13:22,,
madison id (6),3,6:13:38,6:14:14,6:14:28,6:18:58,6:18:59,6:19:03,6:19:07,6:19:12,,
madison id (6),4,8:00:00,8:00:30,8:00:33,8:02:40,8:02:48,8:02:56,8:02:58,8:03:08,,
madison id (6),4,15:09:11,15:09:13,15:10:29,15:16:48,15:16:48,15:16:50,15:16:50,15:16:52,,
madison id (6),4,17:09:54,17:13:20,17:13:32,17:15:46,17:15:47,17:16:01,17:16:11,17:16:13,,
madison id (6),4,18:20:44,18:22:16,18:22:31,18:24:07,18:24:12,18:24:17,18:24:19,18:24:21,,
madison id (6),5,8:00:00,8:00:51,8:01:04,8:03:30,8:03:36,8:03:36,8:03:38,8:03:43,,
madison id (6),5,15:15:05,15:16:43,15:17:03,15:20:56,15:20:56,15:20:56,15:20:57,15:20:58,,
madison id (6),5,17:13:53,17:15:19,17:16:08,17:18:36,17:18:40,17:18:41,17:18:42,17:18:45,,
madison id (6),5,6:23:15,6:24:10,6:24:18,6:28:01,6:28:04,6:28:11,6:28:16,6:28:49,,
madison id (6),6,8:00:00,8:01:43,8:02:20,8:06:00,8:06:09,8:06:10,8:06:10,8:06:17,,
madison id (6),6,15:18:33,,15:20:54,15:23:17,15:23:18,15:23:40,15:23:42,15:23:56,,
madison id (6),6,17:17:08,17:17:57,17:18:07,17:19:05,17:19:08,17:19:12,17:19:20,17:19:23,,
madison id (6),6,6:25:17,6:26:39,6:26:57,6:29:40,6:29:57,6:30:02,6:30:10,6:30:17,,
madison id (6),7,8:00:00,8:02:10,8:02:15,8:07:13,8:07:13,8:07:13,8:07:20,8:07:52,,
madison id (6),7,15:23:40,15:24:37,15:24:42,15:26:46,15:26:47,15:26:48,15:27:00,15:27:01,,
madison id (6),7,17:21:08,17:22:04,17:22:11,17:24:42,17:24:43,17:24:48,17:24:52,17:24:54,,
madison id (6),7,6:26:58,6:27:30,6:27:41,6:30:45,6:30:51,6:30:56,6:30:59,6:31:12,,
madison id (6),8,8:00:00,8:01:30,8:01:40,8:05:06,8:05:07,8:05:19,8:05:22,8:05:32,,
madison id (6),8,15:25:26,15:26:46,15:27:03,15:29:59,15:30:02,15:30:05,15:30:10,15:30:13,,
madison id (6),8,17:22:37,17:24:07,17:24:16,17:29:04,17:29:23,17:29:24,17:29:26,17:29:29,,
madison id (6),8,6:29:31,6:32:01,6:32:10,6:34:31,6:34:33,6:34:35,6:34:38,6:34:41,,
madison id (6),9,8:00:00,8:01:24,8:01:53,8:05:24,8:05:27,8:05:27,8:05:37,8:05:42,,
madison id (6),9,15:27:49,15:30:04,15:30:35,15:33:19,15:33:22,15:33:25,15:33:28,15:33:38,,
madison id (6),9,17:23:41,17:25:39,17:25:47,17:30:13,17:30:20,17:30:25,17:30:30,17:30:32,,
madison id (6),9,6:32:41,6:33:52,6:34:00,6:36:51,6:36:58,6:37:02,6:37:10,6:37:18,,
madison id (6),10,8:00:00,8:01:05,8:01:10,8:02:53,8:02:53,8:02:53,8:02:58,8:03:03,,
madison id (6),10,15:32:13,15:33:27,15:33:42,15:36:24,15:36:24,15:36:40,15:36:42,15:36:58,,
madison id (6),10,17:25:42,17:26:38,17:26:47,17:32:11,17:32:14,17:32:28,17:32:30,17:32:35,,
madison id (6),10,6:35:02,6:36:37,6:36:49,6:40:11,6:40:16,6:40:19,6:40:24,6:40:28,,
madison id (6),11,15:38:03,15:38:58,15:39:13,15:41:58,15:42:00,15:42:03,15:42:08,15:42:13,,
madison id (6),11,17:31:40,17:32:53,17:33:01,17:36:23,17:36:25,17:36:30,17:36:32,17:36:40,,
madison id (6),11,6:38:02,6:39:19,6:39:31,6:44:33,6:44:35,6:44:38,6:44:42,6:44:48,,
madison id (6),12,15:39:57,15:41:13,15:42:30,15:49:14,15:49:17,15:49:19,15:49:23,15:49:34,,
madison id (6),12,17:35:39,17:37:08,17:37:15,17:41:48,17:41:52,17:41:58,17:42:03,17:42:06,,
madison id (6),12,6:45:23,6:46:27,6:46:33,6:48:32,6:48:37,6:48:42,6:48:48,6:48:50,,
madison id (6),13,15:43:25,15:44:36,15:45:03,15:46:58,15:47:00,15:47:02,15:47:10,15:47:19,,
madison id (6),13,17:36:23,17:38:27,17:38:35,17:40:42,17:40:44,17:40:48,17:40:52,17:40:58,,
madison id (6),13,6:56:47,6:57:35,6:57:44,6:59:30,6:59:35,6:59:38,6:59:43,6:59:48,,
madison id (6),14,15:50:37,15:51:32,15:51:38,15:56:02,15:56:08,15:56:08,15:56:11,15:56:13,,
madison id (6),14,17:39:20,17:41:19,17:41:28,17:55:45,17:55:50,17:56:07,17:56:10,17:56:13,,
madison id (6),14,6:58:28,6:59:28,6:59:43,7:04:17,7:04:22,7:04:25,7:04:30,7:04:33,,
madison id (6),15,15:53:01,15:54:27,15:54:42,15:58:20,15:58:21,15:58:22,15:58:32,15:58:40,,
madison id (6),15,17:41:43,17:42:31,17:42:46,17:44:07,17:44:11,17:44:13,17:44:20,17:44:28,,
madison id (6),15,7:00:57,7:01:58,7:02:04,7:06:01,7:06:05,7:06:10,7:06:14,7:06:18,,
madison id (6),16,16:00:31,16:01:13,16:01:19,16:03:37,16:03:40,16:03:45,16:03:48,16:03:53,,
madison id (6),16,17:42:42,17:45:13,17:45:19,17:48:38,17:48:40,17:48:42,17:48:46,17:48:52,,
madison id (6),16,7:03:17,7:05:25,7:05:38,7:08:48,7:08:53,7:08:55,7:08:58,7:09:03,,
madison id (6),17,16:04:59,16:05:42,16:05:48,16:09:36,16:09:38,16:09:45,16:09:50,16:09:58,,
madison id (6),17,17:46:33,17:47:17,17:47:25,17:49:47,17:49:50,17:49:55,17:50:00,17:50:03,,
madison id (6),17,7:05:00,7:06:01,7:06:13,7:11:22,7:11:28,7:11:30,7:11:32,7:11:38,,
madison id (6),18,16:10:18,16:10:58,16:11:11,16:14:17,16:14:18,16:14:19,16:14:21,16:14:28,,
madison id (6),18,17:49:16,17:49:58,17:50:19,17:52:57,17:53:01,17:53:04,17:53:12,17:53:16,,
madison id (6),18,7:12:04,7:13:22,7:13:35,7:16:28,7:16:34,7:16:38,7:16:40,7:16:44,,
madison id (6),19,16:14:07,16:15:11,16:15:21,16:17:48,16:17:52,16:17:55,16:17:56,16:17:59,,
madison id (6),19,17:52:15,17:53:01,17:53:08,17:56:40,17:56:44,17:56:48,17:56:50,17:56:54,,
madison id (6),19,7:12:14,7:13:33,7:13:46,7:17:44,7:17:46,7:17:57,7:18:03,7:18:23,,
madison id (6),20,16:16:20,16:17:29,16:17:32,16:21:00,16:21:02,16:21:04,16:21:10,16:21:18,,
madison id (6),20,17:56:22,17:57:13,17:57:27,18:00:13,18:00:20,18:00:23,18:00:30,18:00:38,,
madison id (6),20,7:14:19,7:15:48,7:15:56,7:17:38,7:17:40,7:17:45,7:17:51,7:17:56,,
madison id (6),21,16:18:33,16:19:43,16:20:02,16:23:06,16:23:09,16:23:12,16:23:20,16:23:25,,
madison id (6),21,6:00:10,6:01:35,6:01:45,6:03:31,6:03:35,6:03:39,6:03:40,6:03:45,,
madison id (6),21,7:21:01,7:22:03,7:22:14,7:25:09,7:25:14,7:25:20,7:25:24,7:25:40,,
madison id (6),22,16:21:52,16:24:29,16:24:44,16:28:52,16:28:55,16:29:01,16:29:03,16:29:15,,
madison id (6),22,7:21:05,7:22:09,7:22:21,7:23:22,7:23:30,7:23:40,7:23:48,7:23:52,,
madison id (6),23,16:26:01,16:26:46,16:26:58,16:27:55,16:27:58,16:28:04,16:28:10,16:28:23,,
madison id (6),23,6:03:07,6:04:15,6:04:30,6:07:20,6:07:24,6:07:30,6:07:34,6:07:38,,
madison id (6),23,7:26:34,7:27:22,7:27:30,7:30:30,,7:30:37,7:30:40,7:30:42,,
madison id (6),24,16:27:11,16:28:58,16:29:20,16:31:49,16:31:52,16:31:58,16:32:04,16:32:08,,
madison id (6),24,6:04:00,6:04:38,6:04:55,6:07:03,6:07:14,6:07:18,6:07:22,6:07:26,,
madison id (6),24,7:37:34,7:38:55,7:39:05,7:42:20,7:42:25,7:42:30,7:42:37,7:42:46,,
madison id (6),25,16:29:49,16:30:15,16:30:31,16:34:00,16:34:02,16:34:07,16:34:11,16:34:20,,
madison id (6),25,6:05:28,6:07:32,6:07:47,6:11:55,6:11:58,6:12:00,6:12:03,6:12:17,,
madison id (6),25,7:40:38,7:43:10,7:43:36,7:45:42,7:45:50,7:45:55,7:45:58,7:46:08,,
madison id (6),26,16:31:41,16:32:38,16:32:50,16:36:02,16:36:05,16:36:09,16:36:11,16:36:16,,
madison id (6),27,16:35:07,16:36:15,16:36:22,16:37:50,16:37:52,16:38:00,16:38:04,16:38:09,,
madison id (6),28,16:37:15,16:38:57,16:39:05,16:42:53,16:43:00,16:43:04,16:43:06,16:43:12,,
madison id (6),29,16:38:39,16:40:03,16:40:13,16:43:06,16:43:08,16:43:14,16:43:18,16:43:25,,
madison id (6),32,16:44:50,16:45:46,16:46:08,16:50:55,16:51:03,16:51:08,16:51:12,16:51:22,,
madison id (6),33,16:47:00,16:48:39,16:48:53,16:54:01,16:54:06,16:54:09,16:54:11,16:54:17,,
madison id (6),34,16:56:09,16:56:52,16:57:12,17:03:01,17:03:06,17:03:10,17:03:12,17:03:22,,
madison id (7),1,13:09:08,13:09:58,13:10:04,13:11:20,,,13:12:00,13:12:00,,
madison id (7),1,19:05:16,19:05:55,19:06:13,19:06:58,19:06:59,19:07:10,19:07:12,19:07:15,,
madison id (7),1,14:11:10,14:12:25,14:12:26,14:13:30,,,14:13:40,14:13:44,,
madison id (7),1,27:51:55,27:52:06,27:52:53,27:55:29,,,27:55:40,27:55:50,,
madison id (7),1,15:06:40,15:07:54,15:08:00,15:11:04,,,15:11:11,15:11:24,,
madison id (7),2,13:11:10,13:11:25,13:12:48,13:13:03,,,13:14:00,13:14:00,,
madison id (7),2,19:08:15,19:08:25,19:08:30,19:08:55,19:08:58,19:08:59,19:09:05,19:09:12,,
madison id (7),2,14:15:15,14:15:22,14:16:28,14:16:19,,,14:16:19,14:17:22,consistent with pdf,
madison id (7),2,23:04:45,23:08:05,23:08:12,23:10:34,,,23:10:45,23:10:55,,
madison id (7),2,28:00:54,28:01:38,28:01:43,28:05:39,,,28:05:48,28:06:04,,
madison id (7),2,15:12:36,15:13:42,15:13:48,15:19:10,,,15:19:15,15:19:28,,
madison id (7),3,13:12:09,13:12:20,13:14:02,13:14:59,,,13:15:00,13:15:00,,
madison id (7),3,19:10:12,19:10:28,19:10:30,19:10:35,,,19:10:36,19:10:42,,
madison id (7),3,14:15:19,14:16:24,14:16:25,14:16:29,,,14:16:33,14:16:40,,
madison id (7),3,23:12:41,23:13:10,23:13:20,23:18:50,,,23:19:01,23:19:17,,
madison id (7),3,28:07:01,28:07:46,28:07:54,28:13:17,,,28:13:23,28:13:32,,
madison id (7),3,15:21:35,15:22:10,15:22:18,15:25:08,,,15:25:16,15:25:31,,
madison id (7),4,13:14:13,13:14:30,13:15:48,13:16:06,,,13:16:00,13:16:00,consistent with pdf,
madison id (7),4,19:12:16,19:12:27,19:12:32,19:12:54,,,19:13:04,19:13:07,,
madison id (7),4,14:18:22,14:19:29,14:21:30,14:21:38,,,14:21:39,14:21:42,,
madison id (7),4,23:26:03,23:27:30,23:27:37,23:31:22,,,23:31:35,23:31:50,,
madison id (7),4,28:14:54,28:15:12,28:15:20,28:17:33,28:17:42,28:17:45,28:17:45,28:17:58,,
madison id (7),4,15:26:34,15:29:33,15:29:41,15:33:48,,,15:33:55,15:34:10,,
madison id (7),5,13:15:01,13:15:10,13:17:03,13:17:51,,,13:18:00,13:18:00,,
madison id (7),5,19:13:14,19:13:24,19:13:29,19:13:53,,,19:14:04,19:14:10,,
madison id (7),5,14:18:13,20:18:19,20:21:21,20:25:29,20:26:30,20:26:39,20:26:40,20:27:44,,
madison id (7),5,23:35:01,23:35:35,23:35:51,23:39:10,,,23:39:17,23:39:25,,
madison id (7),5,28:23:52,28:24:19,28:24:27,28:34:31,,,28:34:47,28:34:55,,
madison id (7),5,15:34:27,15:35:21,15:35:28,15:39:19,,,15:39:25,15:39:36,,
madison id (7),6,13:17:28,13:17:36,13:20:56,13:21:15,,,13:20:00,13:20:00,,
madison id (7),6,19:20:17,19:21:29,19:29:31,19:31:34,,,19:31:35,19:32:40,,
madison id (7),6,14:19:15,14:19:26,14:21:27,14:25:35,14:26:35,14:26:40,14:26:42,14:26:48,,
madison id (7),6,23:39:43,,23:41:00,23:42:20,,,23:42:25,23:42:40,,
madison id (7),6,28:41:27,28:42:10,28:42:18,28:45:38,,,28:45:48,28:45:59,,
madison id (7),6,20:11:28,20:12:13,20:12:23,20:22:00,,,20:22:14,20:22:25,,
madison id (7),6,15:40:04,15:40:55,15:41:00,15:42:23,,,15:42:29,15:42:40,,
madison id (7),7,13:18:30,13:18:41,13:22:50,13:23:15,,,13:21:00,13:21:00,"error in column b corrected, rest of data consistent with pdf",
madison id (7),7,19:31:04,19:31:10,19:31:27,19:31:33,19:31:34,19:31:37,19:31:42,19:31:48,,
madison id (7),7,14:29:46,14:31:00,14:31:08,14:31:59,,,14:32:04,14:32:33,,
madison id (7),7,23:44:23,23:45:17,23:45:53,23:49:02,,,23:49:38,23:49:51,,
madison id (7),7,28:48:08,28:48:38,28:48:45,28:50:12,,,28:50:20,28:50:24,,
madison id (7),7,20:27:33,20:28:34,20:28:42,20:31:30,,,20:31:36,20:31:50,,
madison id (7),8,13:20:05,13:20:56,13:26:10,13:26:48,,,13:35:00,13:35:00,,
madison id (7),8,19:32:03,19:32:08,19:32:25,19:32:31,19:32:34,19:32:59,19:33:07,19:33:12,AM or PM?,
madison id (7),8,14:32:28,14:32:59,14:33:40,14:40:03,,,14:40:07,14:40:12,,
madison id (7),8,23:50:35,23:51:44,23:51:51,23:55:28,,,23:55:32,23:55:46,,
madison id (7),8,28:50:42,28:51:28,28:51:34,28:56:29,,,28:56:36,28:56:52,,
madison id (7),8,20:33:03,20:33:33,20:33:41,20:36:02,,,20:36:06,20:36:15,,
madison id (7),8,15:49:42,15:52:25,15:52:30,15:55:12,,,15:55:19,15:55:28,,
madison id (7),9,13:21:56,13:22:40,13:30:30,13:31:10,,,13:35:00,13:35:00,,
madison id (7),9,19:34:01,19:34:04,19:34:10,19:34:22,,,19:34:24,19:34:28,,
madison id (7),9,14:38:24,14:38:50,14:38:58,14:41:28,,,14:41:38,14:42:07,,
madison id (7),9,23:58:12,23:58:49,23:58:57,24:04:15,,,24:04:24,24:04:39,,
madison id (7),9,28:58:13,28:58:57,28:59:06,29:02:08,29:02:40,29:03:07,29:03:07,29:03:21,,
madison id (7),9,15:55:59,15:57:01,15:57:08,16:01:34,,,16:01:40,16:01:56,,
madison id (7),10,13:22:04,13:22:13,13:32:01,13:32:55,,,13:36:00,13:36:00,,
madison id (7),10,19:35:21,19:35:25,19:35:27,19:35:42,,,19:35:44,19:35:49,,
madison id (7),10,14:40:50,14:41:38,14:42:01,14:43:13,,,14:43:27,14:43:36,,
madison id (7),10,24:07:43,24:08:51,24:09:23,24:13:18,,,24:13:37,24:13:45,,
madison id (7),10,29:04:07,29:04:26,29:04:36,29:06:01,,,29:06:18,29:06:29,,
madison id (7),10,20:44:40,20:44:58,20:45:09,20:49:45,,,20:49:53,20:50:03,,
madison id (7),10,16:02:33,16:03:42,16:03:49,16:06:46,,,16:06:52,16:07:08,,
madison id (7),11,13:23:01,13:23:30,13:23:33,13:23:50,,,13:23:50,13:23:50,,
madison id (7),11,14:46:03,14:46:51,14:47:03,14:49:50,,,14:50:01,14:50:14,,
madison id (7),11,24:15:19,24:16:17,24:16:25,24:21:56,,,24:22:03,24:22:17,,
madison id (7),11,29:07:19,29:08:04,29:08:13,29:09:58,,,29:10:05,29:10:15,,
madison id (7),11,20:53:16,20:54:05,20:54:15,20:57:13,,,20:57:21,20:57:30,,
madison id (7),11,16:07:30,16:08:27,16:08:33,16:14:17,,,16:14:30,16:14:47,,
madison id (7),12,13:23:45,13:23:59,13:24:03,13:24:25,,,13:24:00,13:24:00,consistent with pdf,
madison id (7),12,24:24:32,24:25:28,24:25:38,24:30:05,,,24:30:16,24:30:28,,
madison id (7),12,29:11:35,29:11:56,29:12:03,29:15:34,,,29:15:41,29:15:54,,
madison id (7),12,20:58:13,20:58:35,20:58:45,21:01:04,,,21:01:12,21:02:47,,
madison id (7),12,16:15:08,16:17:20,16:17:27,16:21:30,,,16:21:36,16:21:49,,
madison id (7),13,13:24:00,13:24:20,13:24:25,13:24:56,,,13:25:00,13:25:00,,
madison id (7),13,24:33:06,24:33:50,24:34:00,24:37:38,,,24:37:51,24:38:00,,
madison id (7),13,29:16:44,29:17:13,29:17:14,29:18:27,,,29:18:33,29:18:54,,
madison id (7),13,21:10:33,21:10:57,21:11:03,21:15:53,,,21:16:03,21:16:15,,
madison id (7),14,13:24:31,13:25:56,13:26:00,13:26:20,,,13:26:00,13:26:00,,
madison id (7),14,24:40:13,24:41:01,24:41:13,24:45:12,,,24:45:19,24:45:35,,
madison id (7),14,29:20:15,1/1/1900 5:20,29:20:55,29:24:23,,,29:24:30,29:24:41,,
madison id (7),14,21:16:31,21:16:54,21:17:10,21:19:10,,,21:19:16,21:19:25,,
madison id (7),14,16:34:10,16:35:20,16:35:30,16:36:48,,,16:36:55,16:37:10,,
madison id (7),15,13:25:10,13:25:24,13:26:10,13:26:48,,,13:26:00,13:26:00,consistent with pdf,
madison id (7),15,24:47:50,24:48:06,24:48:13,24:49:10,,,24:49:55,24:50:05,,
madison id (7),15,29:27:12,29:27:45,29:27:51,29:30:23,,,29:30:31,29:30:40,,
madison id (7),15,21:23:30,21:24:15,21:24:25,21:26:35,,,21:26:44,21:26:53,,
madison id (7),15,16:37:30,16:38:20,16:38:32,16:41:38,,,16:41:45,16:42:04,,
madison id (7),16,13:27:10,13:27:21,13:27:35,13:27:59,,,13:27:00,13:27:00,consistent with pdf,
madison id (7),16,24:51:02,24:51:45,24:51:52,24:56:08,,,24:56:29,24:56:45,,
madison id (7),16,21:29:45,21:30:15,21:30:25,21:32:18,,,21:32:23,21:32:35,,
madison id (7),16,16:42:28,16:43:01,16:43:07,16:45:28,16:45:30,16:45:45,16:45:45,16:45:54,,
madison id (7),17,13:28:15,13:28:31,13:28:36,13:28:59,,,13:28:00,13:28:00,consistent with pdf,
madison id (7),17,29:34:20,29:35:18,29:35:26,29:37:29,,,29:37:37,29:37:40,,
madison id (7),17,21:35:26,21:37:28,21:37:36,21:40:45,,,21:40:51,21:41:03,,
madison id (7),17,16:46:20,16:48:15,16:48:25,16:49:50,,,16:50:01,16:50:13,,
madison id (7),18,13:29:06,13:29:21,13:29:40,13:30:06,,,13:30:00,13:31:00,consistent with pdf,
madison id (7),18,25:08:43,25:09:05,25:09:24,25:13:22,,,25:13:30,25:13:44,,
madison id (7),18,29:39:32,29:40:16,29:40:26,29:42:50,29:42:53,29:43:14,29:43:14,29:43:28,,
madison id (7),18,21:44:25,21:45:23,21:45:35,21:49:00,,,21:49:12,21:49:36,,
madison id (7),18,16:50:45,16:52:03,16:52:12,16:55:15,,,16:55:24,16:55:35,,
madison id (7),19,13:32:02,13:32:11,13:32:20,13:32:51,,,13:32:00,13:32:00,consistent with pdf,
madison id (7),19,25:13:39,25:14:47,25:14:55,25:17:06,25:17:12,25:17:22,25:17:24,25:17:36,,
madison id (7),19,29:43:00,29:44:05,29:44:17,29:46:46,29:46:52,29:47:05,29:47:05,29:47:19,,
madison id (7),19,21:59:22,22:00:04,22:00:10,22:05:04,,,22:05:10,22:05:24,,
madison id (7),19,16:56:02,16:57:15,16:57:41,17:00:53,,,17:00:59,17:01:23,,
madison id (7),20,25:17:09,25:19:39,25:19:45,25:22:28,,,25:22:36,25:22:50,,
madison id (7),20,29:48:49,29:49:43,29:49:52,29:52:48,,,29:52:56,29:53:10,,
madison id (7),20,22:08:56,22:09:48,22:09:56,22:14:54,22:14:59,22:15:13,22:15:13,22:15:24,,
madison id (7),21,25:21:08,25:27:07,25:27:15,25:29:29,25:24:32,25:29:45,25:29:46,25:30:09,,
madison id (7),21,29:54:47,30:00:34,30:00:41,30:05:14,,,30:05:23,30:05:40,,
madison id (7),21,22:20:00,22:21:24,22:21:29,22:24:59,22:25:02,22:25:15,22:25:15,22:25:24,,
madison id (7),22,25:31:25,25:31:55,25:32:05,25:37:11,25:37:16,25:37:21,1/1/1900 1:37,25:37:39,,
madison id (7),22,30:06:58,30:07:55,30:08:03,30:13:03,,,1/1/1900 6:13,30:13:26,,
madison id (7),22,22:26:00,22:27:07,22:27:10,22:30:20,,,22:30:26,22:30:45,,
madison id (7),23,25:39:02,25:39:39,25:39:50,25:45:30,,,25:46:04,25:46:19,,
madison id (7),23,30:15:04,30:15:55,30:16:02,30:22:22,,,30:22:49,30:23:00,,
madison id (7),23,22:33:50,22:35:25,22:35:35,22:40:20,,,22:40:30,22:40:43,,
madison id (7),24,25:46:38,25:47:13,25:47:20,25:49:20,25:49:25,25:49:40,25:49:41,25:49:54,,
madison id (7),24,30:27:24,30:28:05,30:28:15,30:29:58,,,30:30:03,30:30:22,,
madison id (7),24,22:47:10,22:50:00,22:50:07,22:52:45,22:52:52,22:53:09,22:53:09,22:53:19,,
madison id (7),25,25:50:24,25:50:59,25:51:12,25:52:53,,,25:52:59,25:53:12,,
madison id (7),25,30:39:54,30:40:11,30:40:16,30:42:48,,,30:42:55,30:43:03,,
madison id (7),25,22:56:20,22:56:53,22:56:59,22:58:02,,,22:58:08,22:58:15,,
madison id (7),26,25:54:42,25:55:25,25:55:34,26:01:40,,,26:01:47,26:01:57,,
madison id (7),26,30:44:16,30:44:58,30:45:07,30:53:18,,,30:53:26,30:53:36,,
madison id (7),27,26:03:19,26:03:59,1/1/1900 2:04,26:06:34,,,26:06:48,26:07:02,,
madison id (7),27,30:54:50,30:55:23,30:55:30,30:58:15,,,30:58:26,30:58:38,,
madison id (7),28,26:09:03,26:09:19,26:09:25,,,,,,,
madison id (7),29,26:22:09,26:22:36,26:22:44,26:25:31,,,26:25:42,26:25:55,,
madison id (7),30,26:24:24,26:28:54,26:24:06,26:31:37,,,26:31:44,26:31:56,consistent with pdf,
madison id (7),31,26:33:15,26:35:50,26:39:01,26:43:30,,,26:43:38,26:43:46,,
madison id (7),32,26:53:55,26:54:22,26:54:30,26:57:20,,,26:57:26,26:57:38,,
madison id (7),33,27:03:20,27:04:05,27:04:19,27:06:00,,,27:06:08,27:06:40,,
madison id (7),34,27:09:28,27:10:10,27:10:14,27:21:51,,,27:21:58,27:22:11,,
madison id (7),35,27:40:27,27:41:18,27:41:24,27:42:43,,,27:42:50,27:47:58,,
madison id (8),1,15:20:10,15:34:40,15:35:28,15:37:50,15:37:50,15:38:40,15:38:40,15:39:06,,
madison id (8),1,19:02:08,19:04:06,19:04:08,19:07:40,,,19:07:45,19:07:55,,
madison id (8),1,13:11:20,13:13:42,13:13:44,13:15:15,,,13:15:30,13:15:30,,
madison id (8),2,20:04:39,20:09:18,20:09:25,20:12:00,20:12:00,20:12:30,20:12:30,20:12:46,,
madison id (8),2,29:08:12,29:09:09,29:09:10,,,,,,,
madison id (8),2,15:39:30,15:48:30,15:48:30,15:56:36,15:56:36,15:56:48,15:56:48,15:56:56,,
madison id (8),2,19:05:50,19:06:52,19:06:58,19:08:45,,,19:09:01,19:09:10,,
madison id (8),2,13:17:01,13:18:34,13:18:47,13:22:25,,,13:22:32,13:22:40,,
madison id (8),3,20:13:57,,,,,,,,,
madison id (8),3,29:15:50,29:17:52,29:17:53,29:21:27,,,29:21:29,29:21:40,,
madison id (8),3,15:51:00,15:54:08,15:54:55,15:58:13,15:58:13,15:58:28,15:58:28,15:58:36,,
madison id (8),3,19:10:10,19:11:30,19:11:41,19:13:39,,,,,,
madison id (8),3,13:25:45,13:26:22,13:26:57,13:32:10,,,13:32:20,13:32:32,,
madison id (8),4,20:17:36,20:21:00,20:21:50,20:25:51,20:26:00,20:26:00,20:26:13,20:26:24,,
madison id (8),4,29:22:39,29:24:11,29:24:12,29:28:49,,,1/1/1900 5:28,29:58:51,,
madison id (8),4,16:01:01,16:05:11,16:05:30,16:09:12,16:09:18,16:09:50,16:09:55,16:10:10,,
madison id (8),4,19:11:58,19:13:30,19:13:40,19:17:38,,,19:17:45,19:17:53,,
madison id (8),4,13:19:45,13:19:50,13:20:10,13:23:30,,,13:23:40,13:23:40,,
madison id (8),5,20:29:41,20:31:17,20:31:23,20:36:42,20:36:42,20:36:46,20:37:00,20:37:00,,
madison id (8),5,29:29:10,,,,,,,,,
madison id (8),5,16:29:15,,,,,,,,,
madison id (8),5,19:19:52,19:21:31,19:22:03,19:25:58,,,,19:26:10,,
madison id (8),5,13:25:58,13:27:55,13:28:37,13:29:45,,,13:30:02,13:30:03,,
madison id (8),6,20:38:45,20:41:27,20:41:32,20:43:51,20:43:57,20:44:16,20:44:20,20:44:30,,
madison id (8),6,16:37:12,16:41:16,16:41:59,16:42:16,16:42:59,16:43:13,16:43:45,16:44:12,,
madison id (8),6,19:22:38,19:24:15,19:24:30,19:28:58,,,,19:29:15,,
madison id (8),6,13:36:10,13:37:15,13:37:25,13:42:50,,,13:43:15,13:43:16,,
madison id (8),7,20:47:37,20:49:35,20:49:58,20:51:57,20:51:57,20:51:58,20:51:59,20:52:00,,
madison id (8),7,29:34:23,29:36:58,29:36:59,29:41:28,,,29:41:30,29:41:36,,
madison id (8),7,19:29:18,19:30:10,19:30:20,19:33:25,19:33:35,19:33:40,,19:33:50,,
madison id (8),7,13:45:01,13:47:15,13:47:20,13:51:12,13:51:20,13:51:40,13:51:42,13:51:49,,
madison id (8),8,20:54:40,20:55:36,20:55:45,20:58:31,20:58:42,20:58:42,20:58:43,20:59:00,,
madison id (8),8,29:42:24,29:44:40,29:44:45,29:49:10,,,29:49:15,29:49:28,,
madison id (8),8,19:30:47,19:31:50,19:32:10,19:38:20,,,,19:38:35,,
madison id (8),8,13:52:45,13:54:27,13:54:38,,,,,,,
madison id (8),9,20:59:58,21:01:32,21:02:03,21:04:39,21:04:44,21:04:44,21:04:44,21:05:01,,
madison id (8),9,29:55:02,29:56:28,,29:59:30,,,29:59:37,30:00:00,,
madison id (8),9,19:35:30,19:38:35,19:39:33,19:42:10,,,,19:42:20,,
madison id (8),9,13:53:32,,,,,,,,,
madison id (8),10,30:02:32,30:05:00,30:05:01,30:07:01,30:07:02,30:07:28,30:07:28,30:07:48,,
madison id (8),10,19:43:45,19:46:58,19:47:30,,,,,,,
madison id (8),10,14:00:50,14:08:28,14:08:41,14:12:20,,,14:12:30,14:12:35,,
madison id (8),11,21:09:52,21:10:27,21:10:38,21:15:00,,,21:15:00,21:15:14,,
madison id (8),11,30:09:03,30:12:06,30:12:07,30:13:30,,,30:13:35,30:13:50,,
madison id (8),11,19:46:20,19:48:40,19:48:50,19:53:10,,,,19:53:20,,
madison id (8),11,14:16:00,14:17:00,14:17:10,14:21:20,,,14:22:01,14:22:10,,
madison id (8),12,30:14:17,30:15:21,30:15:22,30:17:40,,,30:17:50,30:18:00,,
madison id (8),12,19:50:50,19:52:10,19:53:30,19:55:18,,,,19:55:20,,
madison id (8),12,14:19:58,14:21:02,14:21:20,14:28:12,,,14:28:30,14:28:35,,
madison id (8),13,21:19:35,21:20:50,21:20:50,21:23:03,,,21:23:03,21:23:13,,
madison id (8),13,30:20:24,30:22:16,30:22:23,30:24:57,,,30:25:01,30:25:18,,
madison id (8),13,19:55:56,19:56:52,19:58:00,19:59:30,,,,19:59:35,,
madison id (8),13,14:26:20,14:27:50,14:28:00,14:31:10,,,14:31:35,14:31:40,,
madison id (8),14,21:23:49,21:25:00,21:25:21,21:28:40,21:28:48,21:29:34,21:29:39,21:29:43,,
madison id (8),14,30:25:48,30:27:31,30:27:38,30:30:00,,,30:30:00,30:30:35,,
madison id (8),14,19:58:09,20:01:04,20:01:20,20:03:40,,,,20:03:47,,
madison id (8),14,14:31:06,14:33:02,14:33:10,14:35:40,,,14:35:45,14:35:52,,
madison id (8),15,21:32:12,21:35:39,21:35:44,21:37:48,,,21:38:00,21:38:18,,
madison id (8),15,30:32:19,30:35:12,30:35:13,30:39:43,,,30:39:50,30:40:20,,
madison id (8),15,20:03:30,20:04:55,20:05:03,20:06:46,,,20:06:58,20:07:03,,
madison id (8),15,14:36:22,14:38:28,14:38:37,14:41:21,,,14:41:28,14:41:42,,
madison id (8),16,21:40:45,21:41:40,21:41:56,21:42:36,,,21:42:42,21:42:55,,
madison id (8),16,30:42:00,30:44:27,30:44:38,30:47:10,,,30:47:17,30:47:37,,
madison id (8),16,20:04:05,20:06:06,20:06:13,20:07:42,,,,20:07:50,,
madison id (8),16,14:44:14,14:45:40,14:45:53,14:49:50,,,14:50:00,14:50:10,,
madison id (8),17,21:44:50,21:46:08,21:46:10,21:48:00,,,21:48:48,21:49:02,,
madison id (8),17,30:49:45,30:52:00,30:52:01,30:54:01,,,30:55:01,30:58:24,,
madison id (8),17,20:08:57,20:10:51,20:11:02,20:13:08,,,,20:13:39,,
madison id (8),17,14:48:02,14:49:10,14:49:20,14:51:56,,,14:52:06,14:52:20,,
madison id (8),18,21:53:28,21:54:57,21:55:02,21:59:17,,,21:59:23,21:59:48,,
madison id (8),18,20:11:38,20:12:48,20:13:05,20:14:08,,,,20:14:20,,
madison id (8),18,14:51:45,14:52:50,14:53:05,14:54:30,,,14:54:40,14:54:46,,
madison id (8),19,20:15:01,20:16:00,20:16:25,20:18:33,,,,20:18:44,,
madison id (8),19,14:53:55,14:55:08,14:55:15,14:57:02,,,14:57:06,14:57:27,,
madison id (8),20,22:02:52,22:04:27,22:04:30,22:06:59,,,22:07:01,22:07:15,,
madison id (8),20,20:15:30,20:17:40,20:18:30,20:23:28,,,,20:23:40,,
madison id (8),20,14:58:10,14:59:01,14:59:10,15:01:59,,,15:07:15,15:07:25,,
madison id (8),21,22:10:17,22:11:43,22:11:50,22:12:10,,,22:16:18,22:16:28,,
madison id (8),21,20:18:06,20:19:19,20:19:43,20:27:46,,,,20:27:50,,
madison id (8),22,22:18:25,22:20:40,,,,,,,,
madison id (8),22,20:20:28,20:21:58,20:24:02,20:26:40,,,,20:26:48,,
madison id (8),23,22:22:23,22:23:21,22:23:35,22:28:24,,,22:28:40,22:28:51,,
madison id (8),23,20:26:48,20:28:42,20:28:54,20:35:50,,,,20:36:10,,
madison id (8),24,22:29:37,,,,,,,,,
madison id (8),24,20:31:00,20:34:41,20:34:55,20:40:56,,,,20:41:05,,
madison id (8),25,22:34:56,22:36:57,22:37:00,22:38:50,22:38:51,22:39:12,22:39:13,22:39:20,,
madison id (8),25,20:35:40,20:38:34,20:38:50,20:41:44,,,,20:41:56,,
madison id (8),26,22:46:07,22:48:13,22:48:17,22:54:17,,,22:54:22,22:54:50,,
madison id (8),27,22:55:54,22:58:43,22:58:47,23:11:10,,,23:11:21,23:12:14,,
madison id (9),1,8:00:00,8:02:00,8:02:00,8:04:00,,,8:04:00,8:04:00,,
madison id (9),1,12:10:16,12:12:13,12:12:18,12:16:36,12:16:36,12:17:15,,,,
madison id (9),2,8:04:39,8:09:18,8:09:25,8:12:54,8:12:59,8:13:00,8:13:30,8:12:35,,
madison id (9),2,12:18:06,12:20:00,12:20:05,12:22:55,,,,,,
madison id (9),3,12:24:32,12:26:21,12:26:24,12:29:05,,,,,,
madison id (9),4,8:15:22,8:19:31,8:19:33,8:21:15,,,8:21:20,8:21:35,,
madison id (9),4,12:30:00,12:33:12,12:33:17,12:35:24,,,,,,
madison id (9),5,8:34:12,8:36:04,8:36:15,8:39:11,,,8:39:20,8:40:12,,
madison id (9),5,12:42:16,12:45:30,12:45:45,12:54:30,,,,,,
madison id (9),6,8:48:27,8:51:22,8:51:34,8:53:17,,,8:53:20,8:53:32,,
madison id (9),6,12:56:17,13:00:00,13:00:05,13:05:35,,,,,,
madison id (9),7,8:59:31,9:02:41,9:02:41,9:05:15,,,9:05:20,9:05:33,,
madison id (9),7,1:06:05,1:08:32,1:08:55,1:12:03,,,,,,
madison id (9),8,9:09:07,9:11:14,9:11:17,9:14:19,,,9:14:27,9:14:39,,
madison id (9),8,1:14:27,1:16:05,1:16:10,1:19:40,,,,,,
madison id (9),9,9:16:09,9:19:05,9:19:12,9:23:23,,,9:23:37,9:23:45,,
madison id (9),9,1:19:42,1:21:07,1:22:17,1:30:30,,,,,,
madison id (9),10,1:31:12,1:35:02,1:35:10,1:38:47,,,,,,
madison id (9),11,9:42:30,9:47:21,9:47:50,9:51:06,,,,,,
madison id (9),11,1:39:17,1:43:24,1:43:26,1:47:50,,,,,,
madison id (9),12,9:54:16,9:56:05,9:56:47,9:58:19,,,,,,
madison id (9),12,1:48:20,1:49:01,1:49:07,1:52:16,,,,,,
madison id (9),13,9:59:31,10:03:15,10:03:25,10:06:05,,,,,,
madison id (9),13,1:56:07,1:57:00,1:57:05,2:01:06,,,,,,
madison id (9),14,10:06:15,10:10:20,10:10:25,10:13:15,,,,,,
madison id (9),14,2:04:32,2:06:50,2:06:59,2:11:14,,,,,,
madison id (9),15,10:14:50,10:18:37,10:18:51,10:21:01,,,,,,
madison id (9),15,2:14:00,2:18:51,2:18:55,2:21:08,,,,,,
madison id (9),16,10:22:15,10:27:58,10:28:05,10:32:51,,,,,,
madison id (9),16,2:23:37,2:25:18,2:25:22,2:27:36,,,,,,
madison id (9),17,2:28:00,2:30:31,2:30:37,2:33:52,,,,,,
madison id (9),18,2:34:00,2:36:42,2:36:50,2:40:47,,,,,,
madison id (9),19,10:38:15,10:39:50,10:40:00,10:41:23,,,,,,
madison id (9),19,2:41:15,2:43:01,2:43:10,2:47:06,,,,,,
madison id (9),20,10:43:25,10:44:50,10:46:30,10:47:50,,,,,,
madison id (9),20,2:48:58,2:51:06,2:51:11,2:55:07,,,,,,
madison id (9),21,10:51:02,10:51:57,10:52:05,10:53:41,,,,,,
madison id (9),21,2:55:16,2:57:17,2:57:22,3:01:05,,,,,,
madison id (9),22,10:56:27,10:57:50,10:58:00,11:00:37,,,,,,
madison id (9),23,11:02:15,11:04:15,11:04:20,11:06:17,,,,,,
madison id (9),24,11:14:44,,,,,,,,,
madison id (9),25,11:17:51,,,,,,,,,
madison id (9),26,11:19:21,11:21:20,11:21:27,11:23:41,,,,,,
madison id (9),27,11:25:01,11:28:11,11:28:30,11:30:15,,,,,,
madison id (9),28,11:31:15,11:34:36,11:34:40,11:35:46,,,,,,
madison id (9),29,11:39:12,11:41:04,11:41:09,11:42:55,,,,,,
madison id (9),30,11:43:02,11:46:10,11:46:15,11:48:27,,,,,,
madison id (9),31,11:49:22,11:51:02,11:51:05,11:54:16,,,,,,
madison id (9),33,11:55:11,11:56:20,11:56:25,11:59:22,,,,,,
madison id (9),34,12:00:44,12:02:00,12:02:05,12:03:45,,,,,,
madison id (9),35,12:03:45,12:05:11,12:05:15,12:07:00,,,,,,
